site_name,site_url,profile_id,profile_version,profile_sha256,run_id,fit_score,core__physical_inventory_state,core__stock_movement_capture,core__low_touch_inventory_capture,core__multi_location_control,core__lot_expiry_traceability,core__replenishment_action,aux__operational_solution_evidence,aux__operational_solution_evidence__flag,aux__item_container_identity,aux__item_container_identity__flag,aux__point_of_use_stockroom_context,aux__point_of_use_stockroom_context__flag,aux__hospital_foodservice_context,aux__hospital_foodservice_context__flag,aux__institutional_foodservice_context,aux__institutional_foodservice_context__flag,aux__adjacent_transferable_inventory_context,aux__adjacent_transferable_inventory_context__flag,aux__human_scan_capture,aux__human_scan_capture__flag,aux__passive_automatic_capture,aux__passive_automatic_capture__flag,aux__cold_chain_condition_monitoring,aux__cold_chain_condition_monitoring__flag,aux__erp_procurement_integration,aux__erp_procurement_integration__flag,aux__brazil_portuguese_support,aux__brazil_portuguese_support__flag,aux__small_multi_location_deployment_evidence,aux__small_multi_location_deployment_evidence__flag,aux__managed_inventory_service_model,aux__managed_inventory_service_model__flag,evidence_is_partial,evidence_chunks_available,evidence_chunks_sent,main_strength,main_gap
Fast Technology,https://www.fastinventorysoftware.com/,distributed_perishable_inventory_management,1.0.0,1bf3d832c7fa33fb6455ff5d20af0292e3584d9a20a14712c522d889504db03f,4882dbe6e7b8485893e63699c35f08f7,93.34,94.45,96.0,93.7,94.6,97.0,80.7,75.85,True,92.45,True,32.2,False,7.85,False,22.4,False,73.3,True,95.45,True,10.6,False,93.05,True,90.4,True,3.0,False,84.65,True,23.4,False,False,82,82,lot_expiry_traceability,replenishment_action
Odoo,https://www.odoo.com/,distributed_perishable_inventory_management,1.0.0,1bf3d832c7fa33fb6455ff5d20af0292e3584d9a20a14712c522d889504db03f,225340eac39246c982ae978e2bd0f998,91.04,91.05,93.0,89.05,86.0,93.05,93.7,65.0,False,84.85,True,30.8,False,7.5,False,52.5,False,78.55,True,88.7,True,35.55,False,16.85,False,81.35,True,74.8,True,65.7,False,32.05,False,True,224,224,replenishment_action,multi_location_control
Cybrosys Technologies,https://www.cybrosys.com/,distributed_perishable_inventory_management,1.0.0,1bf3d832c7fa33fb6455ff5d20af0292e3584d9a20a14712c522d889504db03f,2ea25ec1e5bc404da6bc5b7f35ae8515,90.78,92.65,93.85,89.1,88.3,90.0,90.5,65.9,False,81.45,True,28.45,False,7.8,False,44.8,False,75.85,True,91.45,True,24.3,False,37.0,False,93.15,True,11.85,False,66.75,False,24.2,False,True,276,276,stock_movement_capture,multi_location_control
NutraSoft,https://www.nutrasoft.ca/,distributed_perishable_inventory_management,1.0.0,1bf3d832c7fa33fb6455ff5d20af0292e3584d9a20a14712c522d889504db03f,d86042e706c74c8fb35af601ccad60a5,90.44,91.7,94.6,90.6,86.15,96.0,78.6,72.05,True,92.45,True,41.9,False,81.7,True,85.5,True,72.2,True,89.6,True,45.2,False,92.05,True,82.8,True,59.65,False,76.7,True,33.0,False,True,253,253,lot_expiry_traceability,replenishment_action
Apicbase,https://get.apicbase.com/,distributed_perishable_inventory_management,1.0.0,1bf3d832c7fa33fb6455ff5d20af0292e3584d9a20a14712c522d889504db03f,2ec7f191e4df47ffb563d9a0495f96a8,88.43,87.65,90.85,89.6,91.05,82.05,92.45,77.45,True,82.85,True,52.05,False,61.7,False,95.45,True,83.45,True,93.05,True,41.5,False,71.05,True,87.75,True,4.0,False,89.45,True,36.05,False,True,357,357,replenishment_action,lot_expiry_traceability
merchmix,https://merchmix.co,distributed_perishable_inventory_management,1.0.0,1bf3d832c7fa33fb6455ff5d20af0292e3584d9a20a14712c522d889504db03f,22eb4405c90c469ca98721f5774027d2,87.48,90.1,94.35,69.9,91.55,90.4,94.45,53.4,False,91.05,True,30.4,False,25.6,False,6.6,False,66.6,False,64.05,False,16.6,False,11.6,False,85.0,True,3.0,False,81.15,True,27.45,False,True,259,259,replenishment_action,low_touch_inventory_capture
SARU TECH,https://sarutech.com/,distributed_perishable_inventory_management,1.0.0,1bf3d832c7fa33fb6455ff5d20af0292e3584d9a20a14712c522d889504db03f,0e8d81a50ea64bfeb71cba38401a4679,87.17,91.45,95.0,80.25,90.7,84.85,82.2,67.0,False,71.45,True,70.75,True,27.7,False,10.05,False,86.65,True,75.8,True,12.8,False,8.65,False,72.0,True,31.0,False,81.55,True,32.8,False,True,98,98,stock_movement_capture,low_touch_inventory_capture
Oxmaint,https://oxmaint.com/,distributed_perishable_inventory_management,1.0.0,1bf3d832c7fa33fb6455ff5d20af0292e3584d9a20a14712c522d889504db03f,f5a7883a967b400c82a16213e35071c0,86.77,91.85,91.45,82.9,85.25,82.95,86.85,57.2,False,82.25,True,25.65,False,7.6,False,70.1,True,45.3,False,85.7,True,33.25,False,89.8,True,89.8,True,37.9,False,66.3,False,52.55,False,True,488,488,physical_inventory_state,low_touch_inventory_capture
VUEMED,https://vuemed.com/,distributed_perishable_inventory_management,1.0.0,1bf3d832c7fa33fb6455ff5d20af0292e3584d9a20a14712c522d889504db03f,419f165b63a845d58b59aa75c5f9aad6,85.94,83.75,92.1,93.7,80.25,87.1,73.45,75.95,True,91.0,True,83.15,True,9.2,False,4.6,False,84.45,True,92.3,True,88.0,True,7.6,False,84.9,True,2.0,False,88.75,True,41.25,False,True,42,42,low_touch_inventory_capture,replenishment_action
iFactory AI,https://ifactoryapp.com/,distributed_perishable_inventory_management,1.0.0,1bf3d832c7fa33fb6455ff5d20af0292e3584d9a20a14712c522d889504db03f,008170de2c3a4f90b2669e1c238055eb,85.85,92.45,89.8,90.8,88.3,70.3,85.05,63.15,False,87.45,True,34.7,False,6.6,False,49.8,False,81.7,True,82.75,True,90.15,True,86.8,True,88.4,True,32.55,False,74.8,True,26.35,False,True,637,637,physical_inventory_state,lot_expiry_traceability
AMZ Prep,https://amzprep.com/,distributed_perishable_inventory_management,1.0.0,1bf3d832c7fa33fb6455ff5d20af0292e3584d9a20a14712c522d889504db03f,de49c57e6acc405694cdeef2b829c2a7,85.72,84.85,88.85,86.85,88.6,94.85,64.05,58.65,False,86.7,True,27.25,False,9.6,False,36.3,False,51.1,False,91.15,True,25.75,False,94.45,True,62.3,False,10.9,False,87.45,True,76.2,True,True,705,705,lot_expiry_traceability,replenishment_action
Symphony,https://www.boonsoftware.com/,distributed_perishable_inventory_management,1.0.0,1bf3d832c7fa33fb6455ff5d20af0292e3584d9a20a14712c522d889504db03f,7155c5f8b2bd45f5882c191d7cd35e8f,85.27,84.6,84.15,87.2,83.25,88.45,81.55,62.0,False,81.6,True,23.15,False,13.55,False,56.05,False,74.25,True,86.75,True,66.45,False,82.0,True,82.6,True,24.85,False,76.35,True,57.25,False,True,332,332,lot_expiry_traceability,replenishment_action
RFID Discovery,https://www.rfiddiscovery.com/en,distributed_perishable_inventory_management,1.0.0,1bf3d832c7fa33fb6455ff5d20af0292e3584d9a20a14712c522d889504db03f,9efe2621bbb2403fb637f04b0272ac9d,85.11,90.6,93.45,93.0,76.45,82.0,67.3,74.35,True,90.6,True,71.85,True,31.25,False,11.65,False,81.45,True,92.05,True,89.85,True,93.6,True,75.7,True,3.85,False,76.9,True,44.85,False,True,201,201,stock_movement_capture,replenishment_action
Hopstack Inc,https://www.hopstack.io/,distributed_perishable_inventory_management,1.0.0,1bf3d832c7fa33fb6455ff5d20af0292e3584d9a20a14712c522d889504db03f,e50f58f007094a8caf7e8b025042d91d,84.24,85.45,85.3,82.9,85.45,87.55,76.65,54.9,False,85.05,True,25.4,False,6.6,False,10.8,False,49.65,False,88.45,True,38.2,False,75.2,True,88.85,True,26.2,False,71.05,True,38.15,False,True,350,350,lot_expiry_traceability,replenishment_action
repleno,https://repleno.com/en,distributed_perishable_inventory_management,1.0.0,1bf3d832c7fa33fb6455ff5d20af0292e3584d9a20a14712c522d889504db03f,0da8a0ec0475454198b8c5d1e9bc7b97,84.14,95.0,97.0,93.6,94.85,40.8,94.85,82.2,True,85.9,True,79.6,True,7.3,False,11.85,False,50.9,False,95.85,True,16.95,False,10.7,False,30.7,False,4.0,False,87.85,True,80.35,True,False,178,178,stock_movement_capture,lot_expiry_traceability
Scan4Safety,https://d25cc5egulecyi.cloudfront.net/,distributed_perishable_inventory_management,1.0.0,1bf3d832c7fa33fb6455ff5d20af0292e3584d9a20a14712c522d889504db03f,857a286344da498989f0861b47e3b9f9,84.14,84.15,88.45,91.65,78.4,79.5,80.1,74.1,True,84.15,True,81.75,True,55.95,False,4.6,False,77.6,True,90.1,True,37.35,False,9.8,False,68.7,False,2.0,False,79.45,True,39.5,False,True,17,17,low_touch_inventory_capture,multi_location_control
Yellow Dog Software,https://www.yellowdogsoftware.com/,distributed_perishable_inventory_management,1.0.0,1bf3d832c7fa33fb6455ff5d20af0292e3584d9a20a14712c522d889504db03f,fb2b6f460d6c439daeac488196d37b42,83.16,92.45,95.7,90.45,91.45,45.45,93.6,74.25,True,79.55,True,68.65,False,82.8,True,88.8,True,84.6,True,93.55,True,33.55,False,23.6,False,91.85,True,2.0,False,89.05,True,37.85,False,True,67,67,stock_movement_capture,lot_expiry_traceability
aksulit,https://aksulit.com,distributed_perishable_inventory_management,1.0.0,1bf3d832c7fa33fb6455ff5d20af0292e3584d9a20a14712c522d889504db03f,b31f2339a9ee450fa631cede7862a1bb,82.92,93.6,93.85,94.6,82.05,54.9,79.7,74.5,True,88.15,True,82.7,True,11.65,False,10.45,False,82.05,True,93.0,True,92.45,True,13.6,False,57.55,False,2.0,False,77.35,True,89.45,True,True,96,96,low_touch_inventory_capture,lot_expiry_traceability
FoodNotify,https://www.foodnotify.com/de/,distributed_perishable_inventory_management,1.0.0,1bf3d832c7fa33fb6455ff5d20af0292e3584d9a20a14712c522d889504db03f,4eb2cd84250b415298f462b56f11c20a,82.65,88.45,91.2,86.6,91.85,61.0,82.25,81.45,True,71.15,True,50.8,False,44.8,False,95.6,True,89.0,True,89.05,True,36.7,False,76.45,True,90.45,True,11.55,False,90.45,True,42.45,False,True,255,255,multi_location_control,lot_expiry_traceability
CUBEX,https://www.cubex.com/,distributed_perishable_inventory_management,1.0.0,1bf3d832c7fa33fb6455ff5d20af0292e3584d9a20a14712c522d889504db03f,5a47dc708cbc4e5ab90c7134ab00c7eb,82.25,90.65,91.85,86.6,72.2,67.55,83.9,74.5,True,83.45,True,63.25,False,32.75,False,5.85,False,84.25,True,14.2,False,77.2,True,92.2,True,77.65,True,3.0,False,73.3,True,57.55,False,False,135,135,stock_movement_capture,lot_expiry_traceability
Rife Medical Furniture,https://rifemedical.in/,distributed_perishable_inventory_management,1.0.0,1bf3d832c7fa33fb6455ff5d20af0292e3584d9a20a14712c522d889504db03f,d5d1210b49f94617a71f50d0f2ebe16f,82.21,91.3,93.8,95.3,60.45,92.05,38.85,62.3,False,90.85,True,73.2,True,12.4,False,8.7,False,80.05,True,76.5,True,90.15,True,77.45,True,21.6,False,2.0,False,71.8,True,39.2,False,True,232,232,low_touch_inventory_capture,replenishment_action
ERPmaster,https://erpmaster.io/,distributed_perishable_inventory_management,1.0.0,1bf3d832c7fa33fb6455ff5d20af0292e3584d9a20a14712c522d889504db03f,58a5f3ae8faa400599f33577fdcaa62d,82.11,92.6,94.6,61.45,94.0,82.6,70.7,58.6,False,68.05,False,34.6,False,13.9,False,63.25,False,86.15,True,5.6,False,21.3,False,26.6,False,71.65,True,3.0,False,87.0,True,26.15,False,True,87,87,stock_movement_capture,low_touch_inventory_capture
WISK,https://www.wisk.ai/,distributed_perishable_inventory_management,1.0.0,1bf3d832c7fa33fb6455ff5d20af0292e3584d9a20a14712c522d889504db03f,4fa21c2cbb8a47adbc029e82a5ed0962,82.07,87.0,88.85,90.45,90.85,52.7,90.85,70.45,True,82.85,True,59.05,False,8.65,False,89.2,True,87.6,True,91.6,True,56.9,False,82.15,True,87.7,True,8.2,False,85.0,True,40.45,False,True,381,381,multi_location_control,lot_expiry_traceability
Ergonomic Corporation Hongkong Ltd,https://www.ergoshopping.com.hk/,distributed_perishable_inventory_management,1.0.0,1bf3d832c7fa33fb6455ff5d20af0292e3584d9a20a14712c522d889504db03f,6ad85f761b1048e9ad59dedb3f07a746,81.83,89.7,90.75,93.0,63.75,77.9,65.05,65.85,False,83.6,True,74.45,True,23.5,False,18.55,False,85.6,True,79.5,True,89.65,True,89.15,True,57.25,False,3.45,False,74.45,True,32.4,False,True,123,123,low_touch_inventory_capture,multi_location_control
Focus Softnet,https://www.focussoftnet.com/,distributed_perishable_inventory_management,1.0.0,1bf3d832c7fa33fb6455ff5d20af0292e3584d9a20a14712c522d889504db03f,2b9e700b87a84c8bb82ee956509c6de7,81.77,85.6,84.0,89.0,76.6,85.25,61.0,50.6,False,69.4,False,17.0,False,7.2,False,59.85,False,68.2,False,85.6,True,32.0,False,18.3,False,69.0,False,13.85,False,70.0,True,22.45,False,True,834,834,low_touch_inventory_capture,replenishment_action
MarketMan,https://www.marketman.com/,distributed_perishable_inventory_management,1.0.0,1bf3d832c7fa33fb6455ff5d20af0292e3584d9a20a14712c522d889504db03f,f446b8d39555491aad085c806453a03c,81.42,88.45,92.7,78.95,90.15,58.75,88.15,78.2,True,59.85,False,53.3,False,27.25,False,92.0,True,83.45,True,82.85,True,26.2,False,73.7,True,88.2,True,25.2,False,87.65,True,43.3,False,True,275,275,stock_movement_capture,lot_expiry_traceability
Infor,https://www.infor.com/pt-br,distributed_perishable_inventory_management,1.0.0,1bf3d832c7fa33fb6455ff5d20af0292e3584d9a20a14712c522d889504db03f,7c06b063ca504c6081c60cd83f4d8431,81.09,88.65,85.6,85.5,75.45,82.65,59.7,52.7,False,81.1,True,26.6,False,11.6,False,67.2,False,52.95,False,81.5,True,55.55,False,78.0,True,69.25,False,68.2,False,60.5,False,54.8,False,True,227,227,physical_inventory_state,replenishment_action
Zilicius,https://zilicius.com/,distributed_perishable_inventory_management,1.0.0,1bf3d832c7fa33fb6455ff5d20af0292e3584d9a20a14712c522d889504db03f,580295b3b07a4d80b5a00615e788ada8,80.52,80.25,85.65,74.9,82.7,84.6,75.1,61.15,False,62.7,False,23.9,False,32.2,False,80.7,True,79.8,True,72.35,True,31.6,False,77.9,True,74.25,True,3.0,False,75.65,True,26.05,False,True,112,112,stock_movement_capture,low_touch_inventory_capture
Trident Information Systems,https://tridentinfo.com/,distributed_perishable_inventory_management,1.0.0,1bf3d832c7fa33fb6455ff5d20af0292e3584d9a20a14712c522d889504db03f,6f0ea3cf548e4af99e581b4c37548a7d,79.75,74.75,83.6,72.25,78.25,88.15,83.2,44.1,False,65.7,False,17.1,False,4.6,False,55.85,False,72.85,True,71.05,True,44.9,False,72.2,True,76.85,True,18.4,False,63.1,False,23.0,False,True,392,392,lot_expiry_traceability,low_touch_inventory_capture
SoftwareSuggest,https://www.softwaresuggest.com/,distributed_perishable_inventory_management,1.0.0,1bf3d832c7fa33fb6455ff5d20af0292e3584d9a20a14712c522d889504db03f,3b3cb6dc731a4ba0b81a8824f4c6c616,79.74,87.05,83.45,74.15,82.9,82.55,64.9,57.4,False,69.35,False,25.5,False,11.6,False,62.4,False,76.7,True,76.85,True,14.05,False,16.65,False,67.1,False,49.85,False,67.15,False,22.4,False,True,232,232,physical_inventory_state,replenishment_action
PIPRA Solutions,https://www.pipra.solutions/,distributed_perishable_inventory_management,1.0.0,1bf3d832c7fa33fb6455ff5d20af0292e3584d9a20a14712c522d889504db03f,e3c8515847f04158b37825176168a846,79.73,83.2,87.55,90.45,72.95,80.8,52.7,50.75,False,83.8,True,14.6,False,5.6,False,9.05,False,67.4,False,86.05,True,70.55,True,94.45,True,77.35,True,4.0,False,53.0,False,20.25,False,True,64,64,low_touch_inventory_capture,replenishment_action
Softr,https://www.softr.io/,distributed_perishable_inventory_management,1.0.0,1bf3d832c7fa33fb6455ff5d20af0292e3584d9a20a14712c522d889504db03f,d027ee19e2aa4d3588165dd9a43a767c,79.73,88.85,87.7,75.35,86.45,70.0,71.4,63.6,False,73.25,True,50.1,False,7.3,False,46.2,False,80.4,True,82.5,True,12.4,False,12.05,False,43.9,False,33.95,False,74.7,True,23.8,False,True,358,358,physical_inventory_state,lot_expiry_traceability
SciSure,https://www.scisure.com/,distributed_perishable_inventory_management,1.0.0,1bf3d832c7fa33fb6455ff5d20af0292e3584d9a20a14712c522d889504db03f,36cfd4476c924d16b6c8188f856accb7,79.19,87.6,84.2,88.85,67.6,82.65,50.3,66.6,False,85.6,True,29.45,False,6.45,False,11.8,False,80.2,True,92.6,True,15.85,False,88.6,True,43.15,False,9.8,False,65.0,False,20.6,False,True,421,421,low_touch_inventory_capture,replenishment_action
growyze,https://www.growyze.com/,distributed_perishable_inventory_management,1.0.0,1bf3d832c7fa33fb6455ff5d20af0292e3584d9a20a14712c522d889504db03f,00ba95cfc79b41d88ca607325747c6d9,79.07,87.7,95.0,86.85,87.3,48.55,74.3,81.6,True,75.85,True,48.75,False,11.35,False,88.55,True,90.85,True,93.6,True,14.0,False,81.2,True,87.6,True,2.85,False,87.6,True,38.85,False,True,109,109,stock_movement_capture,lot_expiry_traceability
inpulse,https://www.inpulse.ai/en,distributed_perishable_inventory_management,1.0.0,1bf3d832c7fa33fb6455ff5d20af0292e3584d9a20a14712c522d889504db03f,c30349ccd238435fa96a16c12e051557,79.06,82.8,91.15,81.5,84.6,62.1,76.25,78.85,True,65.4,False,40.5,False,4.0,False,92.85,True,86.0,True,88.85,True,19.4,False,69.3,False,89.3,True,27.85,False,91.05,True,35.0,False,True,197,197,stock_movement_capture,lot_expiry_traceability
YCR Distribution Limited,https://ezeepos.co.uk/,distributed_perishable_inventory_management,1.0.0,1bf3d832c7fa33fb6455ff5d20af0292e3584d9a20a14712c522d889504db03f,56420e289c9d45aeac737313e6cef146,79.0,86.85,92.2,67.2,85.45,74.4,70.4,74.1,True,65.85,False,31.85,False,11.4,False,80.3,True,83.85,True,63.25,False,27.85,False,85.5,True,67.9,False,4.45,False,66.7,False,20.85,False,True,316,316,stock_movement_capture,low_touch_inventory_capture
Rife Technologies,https://www.rifeindia.com/,distributed_perishable_inventory_management,1.0.0,1bf3d832c7fa33fb6455ff5d20af0292e3584d9a20a14712c522d889504db03f,963e76aca4bc467ca453036688537c59,78.58,92.6,94.2,95.0,48.15,78.25,42.1,72.7,True,88.45,True,70.6,True,18.65,False,57.45,False,86.0,True,70.5,True,93.15,True,30.6,False,31.5,False,5.5,False,63.1,False,55.9,False,True,368,368,low_touch_inventory_capture,replenishment_action
MarketSquare Tech,https://marketsquaretech.com/,distributed_perishable_inventory_management,1.0.0,1bf3d832c7fa33fb6455ff5d20af0292e3584d9a20a14712c522d889504db03f,d398546974e44d0ca88047edcff89d11,78.42,78.25,88.0,83.4,80.1,58.9,88.75,63.05,False,70.4,True,23.65,False,47.25,False,79.55,True,73.6,True,51.3,False,38.9,False,16.7,False,88.6,True,2.0,False,66.2,False,28.85,False,True,123,123,replenishment_action,lot_expiry_traceability
Homme de marché,https://fr.marketman.com/,distributed_perishable_inventory_management,1.0.0,1bf3d832c7fa33fb6455ff5d20af0292e3584d9a20a14712c522d889504db03f,90bee8372a1143bfbbc7fa6b3c1d6bdc,78.29,85.0,88.45,74.1,89.0,56.3,86.55,72.45,True,62.85,False,50.05,False,24.95,False,92.05,True,84.2,True,81.3,True,19.3,False,84.6,True,85.6,True,25.7,False,86.85,True,40.05,False,True,320,320,multi_location_control,lot_expiry_traceability
FoodReady,https://foodready.ai/,distributed_perishable_inventory_management,1.0.0,1bf3d832c7fa33fb6455ff5d20af0292e3584d9a20a14712c522d889504db03f,10ebe895ce764d79a9cda3ed68c9d5a8,77.92,78.05,84.5,78.35,69.15,90.55,57.7,56.6,False,80.2,True,30.5,False,53.7,False,74.2,True,60.95,False,84.2,True,23.0,False,89.65,True,61.65,False,14.25,False,50.2,False,20.2,False,True,447,447,lot_expiry_traceability,replenishment_action
Kitchen Stocker,https://www.kitchenstocker.com/,distributed_perishable_inventory_management,1.0.0,1bf3d832c7fa33fb6455ff5d20af0292e3584d9a20a14712c522d889504db03f,c22b81aec1644f4987fc495567b209ef,77.85,94.0,97.0,49.65,94.6,56.3,91.85,82.0,True,63.05,False,62.3,False,3.6,False,85.6,True,84.6,True,15.75,False,39.2,False,43.75,False,52.6,False,60.0,False,87.6,True,45.25,False,True,131,131,stock_movement_capture,low_touch_inventory_capture
Seventhsense Technologies,https://www.7stl.com/index.html,distributed_perishable_inventory_management,1.0.0,1bf3d832c7fa33fb6455ff5d20af0292e3584d9a20a14712c522d889504db03f,c354b3b3f0954471b217e2f8bb0ea21e,77.59,82.05,90.3,76.1,85.55,68.15,64.75,66.8,False,60.05,False,41.95,False,36.05,False,86.05,True,74.6,True,66.25,False,4.0,False,9.45,False,77.5,True,8.9,False,81.05,True,33.75,False,True,20,20,stock_movement_capture,replenishment_action
AppIntent,https://www.appintent.com/,distributed_perishable_inventory_management,1.0.0,1bf3d832c7fa33fb6455ff5d20af0292e3584d9a20a14712c522d889504db03f,b1ab8f6337754398a48d4b9a2382d8ed,77.22,76.85,75.95,77.1,82.2,78.85,71.9,47.3,False,67.85,False,20.9,False,7.05,False,68.05,False,68.9,False,82.35,True,52.2,False,61.05,False,68.0,False,10.9,False,58.3,False,22.6,False,False,387,387,multi_location_control,replenishment_action
Sculpture Hospitality,https://www.sculpturehospitality.com/,distributed_perishable_inventory_management,1.0.0,1bf3d832c7fa33fb6455ff5d20af0292e3584d9a20a14712c522d889504db03f,2a503cda76f946d1bfd457cb05b235ab,76.62,78.6,84.45,83.65,67.65,67.0,77.2,68.35,False,72.7,True,46.05,False,5.8,False,75.55,True,79.6,True,83.45,True,48.55,False,85.7,True,60.5,False,12.6,False,73.35,True,72.25,True,True,208,208,stock_movement_capture,lot_expiry_traceability
Sapiens,https://sapiensinfo.com/,distributed_perishable_inventory_management,1.0.0,1bf3d832c7fa33fb6455ff5d20af0292e3584d9a20a14712c522d889504db03f,e2f587aaddfa42a0af35f3070be6304b,76.28,82.05,86.85,69.5,67.3,77.8,71.75,45.35,False,55.25,False,54.05,False,21.35,False,4.2,False,76.3,True,55.9,False,12.4,False,16.85,False,54.8,False,3.0,False,58.25,False,21.9,False,True,41,41,stock_movement_capture,multi_location_control
TouchPoint Medical,https://www.touchpointmed.com/,distributed_perishable_inventory_management,1.0.0,1bf3d832c7fa33fb6455ff5d20af0292e3584d9a20a14712c522d889504db03f,670053dc660f4e829d192a58921f9d9d,75.72,79.55,86.2,83.6,59.55,79.45,54.65,64.45,False,80.45,True,69.7,False,5.6,False,3.6,False,78.0,True,76.25,True,44.55,False,55.55,False,21.3,False,10.0,False,74.8,True,38.1,False,True,221,221,stock_movement_capture,replenishment_action
Officehubtech,https://officehubtech.com/,distributed_perishable_inventory_management,1.0.0,1bf3d832c7fa33fb6455ff5d20af0292e3584d9a20a14712c522d889504db03f,e294c34097c948c6baa8ce8288ed6ff8,75.4,81.8,75.85,71.6,82.0,69.45,73.65,39.8,False,64.05,False,16.0,False,6.2,False,19.05,False,50.25,False,72.15,True,14.1,False,39.3,False,81.8,True,6.3,False,66.45,False,22.8,False,True,374,374,multi_location_control,lot_expiry_traceability
NewIcon Oy,https://newicon.fi/,distributed_perishable_inventory_management,1.0.0,1bf3d832c7fa33fb6455ff5d20af0292e3584d9a20a14712c522d889504db03f,0d5dcd14d0c64d5184c1a7dee89d112d,74.77,81.15,86.7,89.8,59.25,72.25,45.75,73.7,True,74.0,True,78.05,True,6.2,False,4.6,False,81.85,True,40.9,False,74.35,True,74.8,True,80.35,True,3.2,False,80.6,True,48.55,False,True,110,110,low_touch_inventory_capture,replenishment_action
Lightspeed,https://www.lightspeedhq.com/,distributed_perishable_inventory_management,1.0.0,1bf3d832c7fa33fb6455ff5d20af0292e3584d9a20a14712c522d889504db03f,b8a86669758b4135ad71a991bed1cc89,73.18,85.7,89.45,83.1,88.3,22.9,83.05,60.65,False,67.25,False,43.0,False,4.0,False,72.85,True,62.15,False,88.05,True,14.0,False,8.0,False,85.6,True,14.45,False,70.85,True,27.45,False,True,249,249,stock_movement_capture,lot_expiry_traceability
Pxier,https://www.pxier.com/en/,distributed_perishable_inventory_management,1.0.0,1bf3d832c7fa33fb6455ff5d20af0292e3584d9a20a14712c522d889504db03f,991bfca0b02a4a928d0c1c12e595980a,72.73,87.45,96.0,88.85,84.75,8.85,85.65,72.2,True,57.0,False,29.25,False,4.85,False,78.9,True,82.7,True,92.85,True,25.8,False,4.0,False,74.55,True,33.15,False,70.85,True,31.6,False,True,319,319,stock_movement_capture,lot_expiry_traceability
Daftra Knowledge Base,https://docs.daftra.com/en/,distributed_perishable_inventory_management,1.0.0,1bf3d832c7fa33fb6455ff5d20af0292e3584d9a20a14712c522d889504db03f,f2ab36b465614b858adb7d4295805721,71.52,85.6,91.85,50.0,73.4,79.5,44.35,59.45,False,80.3,True,24.8,False,3.6,False,17.45,False,33.45,False,47.45,False,7.45,False,4.0,False,56.45,False,3.0,False,49.85,False,19.45,False,True,255,255,stock_movement_capture,replenishment_action
Vusion,https://www.vusion.com/,distributed_perishable_inventory_management,1.0.0,1bf3d832c7fa33fb6455ff5d20af0292e3584d9a20a14712c522d889504db03f,5f116273c63644b888e15bcfb049085d,71.3,75.05,61.95,82.6,70.5,68.8,63.25,57.0,False,65.85,False,20.2,False,5.6,False,38.4,False,77.7,True,49.9,False,79.2,True,46.95,False,78.85,True,33.3,False,83.9,True,27.4,False,True,215,215,low_touch_inventory_capture,stock_movement_capture
Upper,https://www.upperinc.com/,distributed_perishable_inventory_management,1.0.0,1bf3d832c7fa33fb6455ff5d20af0292e3584d9a20a14712c522d889504db03f,84d2e9746a93429fbf5fa89c7bc23286,70.88,84.45,81.25,68.4,78.5,67.55,38.4,56.0,False,66.4,False,15.3,False,6.45,False,50.25,False,48.25,False,74.55,True,37.45,False,51.25,False,46.2,False,5.4,False,61.75,False,29.45,False,True,667,667,physical_inventory_state,replenishment_action
AminoCloud,https://aminocloud.com/,distributed_perishable_inventory_management,1.0.0,1bf3d832c7fa33fb6455ff5d20af0292e3584d9a20a14712c522d889504db03f,4f4c224aea67472186d544b35249400f,70.67,76.45,74.85,72.5,34.65,86.55,64.05,55.85,False,81.8,True,11.9,False,4.85,False,3.0,False,78.9,True,71.3,True,11.2,False,60.75,False,48.15,False,2.0,False,33.35,False,31.25,False,False,11,11,lot_expiry_traceability,multi_location_control
AHRMM,https://www.ahrmm.org/,distributed_perishable_inventory_management,1.0.0,1bf3d832c7fa33fb6455ff5d20af0292e3584d9a20a14712c522d889504db03f,d3b4facd23fb48268ab8ffad4c37878c,70.01,60.95,90.85,92.95,40.35,77.0,41.25,63.75,False,87.7,True,59.85,False,16.65,False,12.05,False,78.0,True,92.45,True,67.9,False,69.3,False,89.75,True,2.0,False,76.5,True,39.15,False,True,196,196,low_touch_inventory_capture,multi_location_control
Collection & Inventory Tracker,https://www.collectioninventory.app/,distributed_perishable_inventory_management,1.0.0,1bf3d832c7fa33fb6455ff5d20af0292e3584d9a20a14712c522d889504db03f,3ee890d640484b3d980531b848912037,69.92,94.6,76.5,87.4,34.55,80.5,13.0,73.2,True,86.6,True,81.1,True,5.6,False,4.85,False,67.9,False,95.6,True,10.25,False,16.6,False,10.5,False,29.2,False,34.65,False,9.6,False,False,54,54,physical_inventory_state,replenishment_action
IndX,https://indx.com/,distributed_perishable_inventory_management,1.0.0,1bf3d832c7fa33fb6455ff5d20af0292e3584d9a20a14712c522d889504db03f,4a633d50ca234f0990ab7b2ecfad2bfd,69.13,68.3,83.0,85.65,51.2,65.8,50.65,51.9,False,79.15,True,7.85,False,4.0,False,25.4,False,36.6,False,75.25,True,44.4,False,13.3,False,87.95,True,69.85,False,66.05,False,23.45,False,True,463,463,low_touch_inventory_capture,replenishment_action
Epos Now,https://www.eposnow.com/uk/,distributed_perishable_inventory_management,1.0.0,1bf3d832c7fa33fb6455ff5d20af0292e3584d9a20a14712c522d889504db03f,7b992976b3924bf2a90b9772e657a9aa,68.82,83.05,83.45,79.1,85.4,21.45,71.25,61.85,False,64.45,False,28.8,False,8.0,False,60.5,False,73.45,True,77.6,True,39.0,False,43.6,False,69.6,False,15.1,False,76.2,True,27.55,False,True,565,565,multi_location_control,lot_expiry_traceability
Exan Software,https://www.exansoftware.com/,distributed_perishable_inventory_management,1.0.0,1bf3d832c7fa33fb6455ff5d20af0292e3584d9a20a14712c522d889504db03f,ad60d0bd4ec6490f9121c1abec90bddc,68.76,80.05,83.9,77.3,45.35,58.35,58.9,62.25,False,71.35,True,44.05,False,5.85,False,4.45,False,71.75,True,79.45,True,30.35,False,8.1,False,32.8,False,8.1,False,47.65,False,31.3,False,True,76,76,stock_movement_capture,multi_location_control
RXinsider,https://rxinsider.com/,distributed_perishable_inventory_management,1.0.0,1bf3d832c7fa33fb6455ff5d20af0292e3584d9a20a14712c522d889504db03f,cf19c4d8f0d148d494719f9930cab2f7,68.61,67.45,78.0,79.9,50.7,65.85,63.45,60.8,False,76.5,True,50.4,False,9.0,False,4.85,False,73.45,True,78.1,True,39.65,False,94.45,True,43.6,False,2.6,False,45.45,False,64.25,False,True,337,337,low_touch_inventory_capture,multi_location_control
ILOS - Especialistas em Logística e Supply Chain,https://ilos.com.br/,distributed_perishable_inventory_management,1.0.0,1bf3d832c7fa33fb6455ff5d20af0292e3584d9a20a14712c522d889504db03f,ca4b1e070a6b4d84ab7f177172613f55,68.15,71.05,64.0,74.25,66.3,67.05,62.35,32.55,False,63.55,False,31.65,False,10.25,False,57.75,False,55.1,False,73.4,True,50.35,False,76.8,True,46.1,False,78.95,True,69.9,False,71.75,True,True,354,354,low_touch_inventory_capture,replenishment_action
Jungheinrich AG,https://www.jungheinrich.co.th/,distributed_perishable_inventory_management,1.0.0,1bf3d832c7fa33fb6455ff5d20af0292e3584d9a20a14712c522d889504db03f,528a2062714b46d9b54fea8b5e3c9c66,67.73,83.05,78.65,81.85,23.25,66.3,54.25,53.45,False,72.65,True,17.0,False,12.7,False,18.5,False,47.5,False,79.9,True,50.25,False,66.95,False,76.85,True,36.6,False,33.25,False,26.0,False,True,357,357,physical_inventory_state,multi_location_control
Merak Tech,https://almerak.com/,distributed_perishable_inventory_management,1.0.0,1bf3d832c7fa33fb6455ff5d20af0292e3584d9a20a14712c522d889504db03f,7f5d6a3359014ce8b917649caaeb1806,67.69,74.85,80.75,74.4,65.4,44.6,69.05,55.4,False,46.65,False,21.2,False,9.3,False,74.7,True,70.55,True,74.05,True,20.4,False,6.2,False,68.35,False,6.0,False,61.95,False,25.35,False,True,365,365,stock_movement_capture,lot_expiry_traceability
Linkitsoft,https://linkitsoft.com/,distributed_perishable_inventory_management,1.0.0,1bf3d832c7fa33fb6455ff5d20af0292e3584d9a20a14712c522d889504db03f,621fe7fe4d594ca2a411bfb441c38d1f,67.42,75.3,68.15,85.45,62.9,47.45,61.55,43.0,False,60.95,False,32.15,False,36.0,False,54.6,False,81.2,True,68.7,False,70.75,True,91.35,True,27.85,False,8.85,False,73.3,True,38.4,False,True,912,912,low_touch_inventory_capture,lot_expiry_traceability
Square,https://squareup.com/us/en,distributed_perishable_inventory_management,1.0.0,1bf3d832c7fa33fb6455ff5d20af0292e3584d9a20a14712c522d889504db03f,40c9eb0a0cc64b468ab57e342873ca9e,67.29,81.35,86.05,79.65,87.1,5.2,82.05,70.4,True,66.05,False,20.7,False,5.6,False,82.25,True,69.6,False,87.2,True,23.35,False,6.3,False,83.4,True,7.6,False,68.15,False,43.65,False,True,266,266,multi_location_control,lot_expiry_traceability
suflex,https://suflex.com.br,distributed_perishable_inventory_management,1.0.0,1bf3d832c7fa33fb6455ff5d20af0292e3584d9a20a14712c522d889504db03f,005311c500d14e029df03133a483edac,67.09,78.25,86.05,76.7,25.8,89.65,16.3,71.05,True,79.95,True,23.0,False,37.6,False,43.6,False,77.45,True,80.1,True,8.75,False,78.9,True,5.0,False,90.45,True,47.85,False,23.85,False,False,8,8,lot_expiry_traceability,replenishment_action
AKLI,https://akli.io/,distributed_perishable_inventory_management,1.0.0,1bf3d832c7fa33fb6455ff5d20af0292e3584d9a20a14712c522d889504db03f,4706d712c38d42f7ae9ff599bd6574e6,66.86,89.4,94.2,13.3,95.05,62.25,62.85,72.05,True,48.9,False,30.9,False,4.0,False,88.85,True,82.7,True,5.0,False,15.15,False,87.6,True,55.5,False,2.0,False,89.15,True,28.0,False,True,22,22,multi_location_control,low_touch_inventory_capture
SupplyChainBrain,https://www.supplychainbrain.com/,distributed_perishable_inventory_management,1.0.0,1bf3d832c7fa33fb6455ff5d20af0292e3584d9a20a14712c522d889504db03f,ed0e6a13337d488ea781433471a1adf0,66.61,65.9,72.65,79.9,71.95,45.35,67.9,29.7,False,75.7,True,14.65,False,5.0,False,30.15,False,32.65,False,79.85,True,56.65,False,39.7,False,85.45,True,49.45,False,60.5,False,70.65,True,True,168,168,low_touch_inventory_capture,lot_expiry_traceability
Orbit Healthcare,https://orbit.healthcare/,distributed_perishable_inventory_management,1.0.0,1bf3d832c7fa33fb6455ff5d20af0292e3584d9a20a14712c522d889504db03f,1022804a10f54eedb8ce9837fda2d321,66.12,78.1,63.0,62.75,80.35,74.9,27.8,47.7,False,76.55,True,16.05,False,7.0,False,5.45,False,74.4,True,49.0,False,6.3,False,55.55,False,37.55,False,2.0,False,50.85,False,64.05,False,False,12,12,multi_location_control,replenishment_action
Seaga Manufacturing Inc,https://seaga.com/,distributed_perishable_inventory_management,1.0.0,1bf3d832c7fa33fb6455ff5d20af0292e3584d9a20a14712c522d889504db03f,80ad819fe7394b7388e75b52c59dca66,65.64,77.0,86.4,88.3,67.9,40.1,24.9,68.3,False,51.55,False,71.75,True,55.25,False,49.45,False,83.3,True,49.5,False,80.75,True,71.5,True,21.15,False,37.85,False,71.75,True,41.35,False,True,174,174,low_touch_inventory_capture,replenishment_action
Ekklavya,https://www.eklavya.com/,distributed_perishable_inventory_management,1.0.0,1bf3d832c7fa33fb6455ff5d20af0292e3584d9a20a14712c522d889504db03f,f1a40fb4c8914583be6976d9230fa350,65.55,77.0,70.95,69.25,69.35,47.15,60.5,52.2,False,56.5,False,26.95,False,13.85,False,49.65,False,46.75,False,66.6,False,16.8,False,10.3,False,68.55,False,2.0,False,60.75,False,19.6,False,True,128,128,physical_inventory_state,lot_expiry_traceability
rebulk,https://rebulk.com,distributed_perishable_inventory_management,1.0.0,1bf3d832c7fa33fb6455ff5d20af0292e3584d9a20a14712c522d889504db03f,9147768ef6d94a3fac808ce95b09cc78,65.39,92.6,88.4,92.15,89.1,5.0,24.35,59.5,False,61.2,False,8.85,False,4.2,False,31.6,False,34.5,False,12.0,False,85.8,True,9.3,False,41.7,False,2.6,False,75.5,True,26.5,False,True,181,181,physical_inventory_state,lot_expiry_traceability
barKoder Ltd.,https://barkoder.com/,distributed_perishable_inventory_management,1.0.0,1bf3d832c7fa33fb6455ff5d20af0292e3584d9a20a14712c522d889504db03f,495ad1f421fe4b5a93ba1df6037698b7,64.9,74.75,79.7,85.35,36.4,67.6,22.85,48.2,False,77.0,True,32.75,False,9.7,False,43.05,False,69.3,False,89.95,True,28.95,False,52.25,False,65.35,False,5.6,False,47.55,False,16.7,False,True,281,281,low_touch_inventory_capture,replenishment_action
Eats365,https://www.eats365pos.com/,distributed_perishable_inventory_management,1.0.0,1bf3d832c7fa33fb6455ff5d20af0292e3584d9a20a14712c522d889504db03f,4283dfba10bf4badb183ef0cf3904ac4,62.65,67.0,87.85,57.7,80.8,30.8,66.15,67.0,False,52.5,False,20.1,False,10.3,False,80.5,True,74.6,True,13.2,False,38.3,False,72.95,True,86.6,True,3.0,False,79.05,True,27.2,False,True,229,229,stock_movement_capture,lot_expiry_traceability
ImageFIRST,https://www.imagefirst.com/,distributed_perishable_inventory_management,1.0.0,1bf3d832c7fa33fb6455ff5d20af0292e3584d9a20a14712c522d889504db03f,33d5a012ee3848ebb17ed800947830a5,62.5,77.4,78.95,87.85,55.45,17.7,57.1,73.25,True,74.5,True,57.8,False,14.65,False,41.55,False,73.45,True,84.55,True,56.85,False,30.05,False,9.5,False,2.0,False,64.0,False,91.05,True,True,180,180,low_touch_inventory_capture,lot_expiry_traceability
Simbe,https://www.simberobotics.com/,distributed_perishable_inventory_management,1.0.0,1bf3d832c7fa33fb6455ff5d20af0292e3584d9a20a14712c522d889504db03f,a36dcd1cd81d4c448a2ba6ff9dae0bcb,62.32,73.6,30.45,88.85,63.05,53.0,54.25,71.45,True,73.1,True,11.85,False,4.45,False,32.2,False,81.05,True,31.25,False,87.4,True,24.0,False,38.1,False,7.6,False,81.6,True,25.05,False,True,68,68,low_touch_inventory_capture,stock_movement_capture
Salvify,https://www.salvify.co.uk/,distributed_perishable_inventory_management,1.0.0,1bf3d832c7fa33fb6455ff5d20af0292e3584d9a20a14712c522d889504db03f,ce9809f46b764c6885db6be45872cbb0,61.74,88.2,84.75,15.3,89.75,78.1,11.9,62.75,False,81.7,True,41.95,False,3.6,False,3.6,False,72.95,True,8.25,False,7.75,False,4.6,False,15.65,False,2.0,False,89.35,True,25.1,False,False,3,3,multi_location_control,replenishment_action
Schreiner Group Forum,https://forum.schreiner-group.com/en/,distributed_perishable_inventory_management,1.0.0,1bf3d832c7fa33fb6455ff5d20af0292e3584d9a20a14712c522d889504db03f,0a55ec96b15e47eda2818a1f7bcc6ddf,61.56,65.45,70.85,85.0,19.2,79.0,21.1,55.6,False,84.45,True,21.55,False,6.6,False,7.05,False,75.95,True,78.35,True,65.25,False,71.8,True,44.05,False,2.6,False,44.7,False,67.15,False,True,130,130,low_touch_inventory_capture,multi_location_control
GS1 Denmark,https://www.gs1.dk/en,distributed_perishable_inventory_management,1.0.0,1bf3d832c7fa33fb6455ff5d20af0292e3584d9a20a14712c522d889504db03f,ecf0869e04364643bb61d73d76294aef,61.51,60.25,72.2,80.45,31.65,72.85,32.1,48.15,False,84.0,True,56.8,False,59.25,False,82.75,True,72.15,True,83.6,True,18.2,False,65.9,False,87.9,True,36.6,False,63.65,False,23.05,False,True,272,272,low_touch_inventory_capture,multi_location_control
Rivio,https://rivio.io/,distributed_perishable_inventory_management,1.0.0,1bf3d832c7fa33fb6455ff5d20af0292e3584d9a20a14712c522d889504db03f,f40163f54ec24a86a56cfb99f80da1a6,60.62,83.75,80.6,90.45,70.55,3.6,33.2,61.35,False,81.65,True,8.0,False,3.0,False,71.8,True,48.45,False,4.6,False,67.85,False,73.05,True,17.45,False,3.0,False,78.95,True,25.35,False,True,74,74,low_touch_inventory_capture,lot_expiry_traceability
Oscar,https://oscar.qa/,distributed_perishable_inventory_management,1.0.0,1bf3d832c7fa33fb6455ff5d20af0292e3584d9a20a14712c522d889504db03f,3798fc9dc95d4a8babd1d5ce331b0982,60.48,74.8,81.05,64.9,77.0,24.55,46.8,50.5,False,60.05,False,16.45,False,4.6,False,37.75,False,52.7,False,76.9,True,12.95,False,14.95,False,68.25,False,3.0,False,68.2,False,24.25,False,True,155,155,stock_movement_capture,lot_expiry_traceability
IDO Electronics,https://idoelectronics.eu/,distributed_perishable_inventory_management,1.0.0,1bf3d832c7fa33fb6455ff5d20af0292e3584d9a20a14712c522d889504db03f,9da3f266df4945a482adc82392c49994,60.22,81.8,54.2,89.55,27.2,66.2,9.45,57.1,False,76.65,True,35.65,False,10.45,False,5.85,False,71.5,True,84.1,True,74.35,True,45.0,False,11.6,False,8.7,False,51.7,False,27.9,False,False,35,35,low_touch_inventory_capture,replenishment_action
Xero,https://www.xero.com/,distributed_perishable_inventory_management,1.0.0,1bf3d832c7fa33fb6455ff5d20af0292e3584d9a20a14712c522d889504db03f,bdba7907c7764a70bd33306af809f18f,59.88,76.75,82.95,61.95,60.7,34.85,41.15,51.15,False,48.5,False,12.25,False,4.85,False,11.2,False,27.3,False,58.1,False,12.2,False,5.6,False,47.1,False,10.0,False,44.5,False,39.45,False,True,382,382,stock_movement_capture,lot_expiry_traceability
Culvana,https://culvana.ai/,distributed_perishable_inventory_management,1.0.0,1bf3d832c7fa33fb6455ff5d20af0292e3584d9a20a14712c522d889504db03f,83136ad8767742aa832dac6b33f4eba8,57.94,80.5,89.4,40.6,74.95,5.85,78.2,65.2,False,53.7,False,29.45,False,46.05,False,80.55,True,70.9,True,5.2,False,39.0,False,3.6,False,77.9,True,5.6,False,74.8,True,27.45,False,False,9,9,stock_movement_capture,lot_expiry_traceability
ARxIUM | Innovative Pharmacy Solutions,https://www.arxium.com/,distributed_perishable_inventory_management,1.0.0,1bf3d832c7fa33fb6455ff5d20af0292e3584d9a20a14712c522d889504db03f,ec5d3df070cf4512a98c268a24bdd9c5,57.49,62.4,46.3,69.8,35.45,62.6,57.2,39.9,False,56.25,False,33.7,False,4.0,False,3.0,False,67.75,False,37.0,False,21.4,False,5.85,False,39.3,False,3.6,False,46.9,False,29.55,False,True,16,16,low_touch_inventory_capture,multi_location_control
SmartChoice Food Pantry Software,https://www.smartchoicepantry.com/,distributed_perishable_inventory_management,1.0.0,1bf3d832c7fa33fb6455ff5d20af0292e3584d9a20a14712c522d889504db03f,ff74f403dd7748f6be865551437e443a,56.12,81.7,84.1,82.45,38.85,8.8,32.45,65.85,False,57.0,False,72.95,True,24.75,False,60.25,False,46.15,False,84.9,True,9.3,False,10.8,False,49.2,False,16.9,False,63.05,False,22.65,False,False,6,6,stock_movement_capture,lot_expiry_traceability
Restaurant365,https://www.restaurant365.com/,distributed_perishable_inventory_management,1.0.0,1bf3d832c7fa33fb6455ff5d20af0292e3584d9a20a14712c522d889504db03f,c49138e4fb5946ed8f8a558f9eb3e6db,55.56,76.65,81.7,40.8,74.7,5.0,75.85,65.05,False,34.65,False,28.45,False,3.6,False,84.85,True,66.4,False,39.85,False,15.2,False,7.15,False,83.85,True,4.0,False,69.2,False,24.45,False,True,131,131,stock_movement_capture,lot_expiry_traceability
Jump Technologies,https://inventorytruth.com/,distributed_perishable_inventory_management,1.0.0,1bf3d832c7fa33fb6455ff5d20af0292e3584d9a20a14712c522d889504db03f,4a17dae1d5744f3d80682ffcb563473f,55.47,56.35,77.0,71.24,47.76,26.88,56.41,62.47,False,49.65,False,56.41,False,6.41,False,3.0,False,69.76,False,71.76,True,34.94,False,4.41,False,71.0,True,2.0,False,62.0,False,41.71,False,False,2,2,stock_movement_capture,lot_expiry_traceability
P2 Programs,https://p2programs.com/,distributed_perishable_inventory_management,1.0.0,1bf3d832c7fa33fb6455ff5d20af0292e3584d9a20a14712c522d889504db03f,ae4791dc05d0456cb93aa3b6e76a7cd6,55.43,86.2,82.6,90.8,37.7,10.6,6.45,47.9,False,85.3,True,9.75,False,2.0,False,3.85,False,32.15,False,93.45,True,11.75,False,5.45,False,35.25,False,3.8,False,41.55,False,12.6,False,True,40,40,low_touch_inventory_capture,replenishment_action
vstech,https://vstech.com,distributed_perishable_inventory_management,1.0.0,1bf3d832c7fa33fb6455ff5d20af0292e3584d9a20a14712c522d889504db03f,672201a370494f86a4d71d9adc2cf369,55.22,75.2,74.75,63.0,51.6,7.45,67.45,58.85,False,58.45,False,62.1,False,90.45,True,52.6,False,44.55,False,57.6,False,11.1,False,85.65,True,46.8,False,2.6,False,51.25,False,24.6,False,True,22,22,physical_inventory_state,lot_expiry_traceability
CaterCamp,https://catercamp.com/,distributed_perishable_inventory_management,1.0.0,1bf3d832c7fa33fb6455ff5d20af0292e3584d9a20a14712c522d889504db03f,0358c459809d43e289b74ac26e97873b,55.06,83.9,90.1,14.45,16.0,58.9,64.8,61.5,False,59.0,False,25.5,False,11.9,False,47.2,False,61.15,False,3.0,False,6.6,False,82.6,True,10.4,False,2.0,False,28.1,False,19.95,False,False,96,96,stock_movement_capture,low_touch_inventory_capture
ReadySet Surgical,https://readysetsurgical.com/,distributed_perishable_inventory_management,1.0.0,1bf3d832c7fa33fb6455ff5d20af0292e3584d9a20a14712c522d889504db03f,9e649b780cbd4eeda78f8e5c25a576f3,54.52,36.3,80.15,76.25,20.7,56.75,48.4,51.35,False,78.85,True,12.8,False,4.6,False,3.0,False,61.85,False,60.75,False,50.9,False,42.55,False,83.65,True,2.0,False,31.35,False,69.15,False,False,54,54,stock_movement_capture,multi_location_control
Kitchen CUT,https://kitchencut.com/,distributed_perishable_inventory_management,1.0.0,1bf3d832c7fa33fb6455ff5d20af0292e3584d9a20a14712c522d889504db03f,ec0d9755604c4d8b9dd9ec58fb838931,54.07,76.25,82.6,26.15,81.3,11.05,70.6,73.35,True,47.2,False,38.15,False,10.9,False,85.45,True,80.0,True,7.2,False,14.5,False,7.2,False,80.25,True,3.0,False,69.45,False,32.1,False,False,88,88,stock_movement_capture,lot_expiry_traceability
RoboPharma,https://robopharma.nl/,distributed_perishable_inventory_management,1.0.0,1bf3d832c7fa33fb6455ff5d20af0292e3584d9a20a14712c522d889504db03f,5f30f0fc419a4380a239bcdadc75a033,53.9,75.55,63.6,81.75,53.4,5.85,40.45,52.2,False,83.55,True,51.85,False,4.2,False,3.0,False,77.0,True,86.75,True,15.45,False,38.85,False,18.45,False,2.6,False,66.75,False,41.05,False,True,22,22,low_touch_inventory_capture,lot_expiry_traceability
Civica,https://www.civica.com/en-gb/,distributed_perishable_inventory_management,1.0.0,1bf3d832c7fa33fb6455ff5d20af0292e3584d9a20a14712c522d889504db03f,c014cedbf45141a2b7da47c6eb583b48,52.9,66.25,71.85,65.5,58.35,5.85,58.45,65.2,False,45.95,False,21.65,False,73.05,True,93.2,True,64.85,False,54.55,False,32.35,False,80.0,True,61.9,False,3.45,False,61.2,False,32.45,False,True,116,116,stock_movement_capture,lot_expiry_traceability
BairesDev,https://www.bairesdev.com/,distributed_perishable_inventory_management,1.0.0,1bf3d832c7fa33fb6455ff5d20af0292e3584d9a20a14712c522d889504db03f,bde275eb222d40fe88b4750142de1f58,52.71,58.7,38.95,51.2,66.5,60.15,36.35,22.05,False,32.45,False,10.8,False,11.55,False,61.3,False,49.75,False,40.65,False,18.05,False,40.1,False,74.85,True,39.2,False,52.2,False,17.0,False,True,603,603,multi_location_control,replenishment_action
AllrideApps,https://www.allrideapps.com/,distributed_perishable_inventory_management,1.0.0,1bf3d832c7fa33fb6455ff5d20af0292e3584d9a20a14712c522d889504db03f,8add20ce3e3e45759feb1fb7302fe669,52.44,55.9,62.3,47.5,53.35,60.5,29.2,38.65,False,57.4,False,7.85,False,4.6,False,20.45,False,50.65,False,60.65,False,11.0,False,62.85,False,28.2,False,25.05,False,42.25,False,22.25,False,True,434,434,stock_movement_capture,replenishment_action
Zebra Technologies,https://www.zebra.com/br/pt.html,distributed_perishable_inventory_management,1.0.0,1bf3d832c7fa33fb6455ff5d20af0292e3584d9a20a14712c522d889504db03f,95ad04755a3141f391ef64b29f5a973d,52.33,71.3,39.8,82.6,39.6,41.35,18.85,56.85,False,71.7,True,23.9,False,11.6,False,65.0,False,73.1,True,85.85,True,61.45,False,85.35,True,29.85,False,72.4,True,42.0,False,9.6,False,True,354,354,low_touch_inventory_capture,replenishment_action
cirrustech,https://www.cirrustech.com,distributed_perishable_inventory_management,1.0.0,1bf3d832c7fa33fb6455ff5d20af0292e3584d9a20a14712c522d889504db03f,efe7f5ad54bb47418e6fba35d3ab5d93,52.07,63.12,52.94,75.12,32.0,41.24,33.88,47.82,False,59.71,False,5.0,False,3.0,False,12.47,False,33.76,False,60.24,False,14.12,False,5.71,False,57.24,False,2.0,False,35.24,False,13.82,False,False,6,6,low_touch_inventory_capture,multi_location_control
TechnologyCounter,https://technologycounter.com/,distributed_perishable_inventory_management,1.0.0,1bf3d832c7fa33fb6455ff5d20af0292e3584d9a20a14712c522d889504db03f,79c17b67dd064377b9af2901fadeffa3,50.02,55.6,61.0,48.35,37.15,48.95,45.15,25.05,False,38.1,False,16.2,False,11.6,False,61.4,False,52.4,False,44.7,False,11.65,False,12.3,False,22.0,False,5.05,False,27.3,False,23.8,False,True,700,700,stock_movement_capture,multi_location_control
absolutevalue,https://www.absolutevalue-us.com,distributed_perishable_inventory_management,1.0.0,1bf3d832c7fa33fb6455ff5d20af0292e3584d9a20a14712c522d889504db03f,a0597d3499e04623af162fd63d4693b0,49.55,68.2,64.7,19.5,86.25,5.4,83.55,60.85,False,44.5,False,17.6,False,3.6,False,15.05,False,28.05,False,3.0,False,8.05,False,3.0,False,89.65,True,3.0,False,77.6,True,33.9,False,True,17,17,multi_location_control,lot_expiry_traceability
Hospital Times,https://hospitaltimes.co.uk/,distributed_perishable_inventory_management,1.0.0,1bf3d832c7fa33fb6455ff5d20af0292e3584d9a20a14712c522d889504db03f,bb893cbb7f3b428ab5dbd16c05c58690,49.31,59.55,50.4,46.6,47.6,46.05,42.9,55.45,False,43.65,False,62.45,False,44.6,False,7.45,False,69.9,False,21.2,False,38.45,False,21.8,False,31.6,False,2.0,False,64.8,False,43.85,False,True,176,176,physical_inventory_state,replenishment_action
Spacesaver Storage Solutions,https://www.spacesaverva.com/,distributed_perishable_inventory_management,1.0.0,1bf3d832c7fa33fb6455ff5d20af0292e3584d9a20a14712c522d889504db03f,eaa41c385f08483da17e4f0f80443591,48.62,68.05,49.4,60.6,26.7,54.1,10.55,59.3,False,69.2,False,82.55,True,70.6,True,51.4,False,67.05,False,64.45,False,16.8,False,73.45,True,32.75,False,2.6,False,64.4,False,12.6,False,True,410,410,physical_inventory_state,replenishment_action
Evolinq,https://evolinq.io/,distributed_perishable_inventory_management,1.0.0,1bf3d832c7fa33fb6455ff5d20af0292e3584d9a20a14712c522d889504db03f,63307725b4a04e5d84ab3861cba92dc4,48.61,42.55,65.0,38.0,18.25,68.1,54.8,58.4,False,53.75,False,7.2,False,5.6,False,9.05,False,29.1,False,3.0,False,16.45,False,27.2,False,88.7,True,4.85,False,11.6,False,17.4,False,True,88,88,lot_expiry_traceability,multi_location_control
Homepage der TIS GmbH,https://www.tis-gmbh.de/en/,distributed_perishable_inventory_management,1.0.0,1bf3d832c7fa33fb6455ff5d20af0292e3584d9a20a14712c522d889504db03f,059001ed4f0544cfa584fe797615f635,48.19,68.5,67.05,84.75,43.7,5.2,7.8,47.15,False,74.0,True,8.0,False,3.0,False,10.75,False,30.05,False,89.05,True,16.8,False,86.5,True,47.3,False,29.65,False,39.1,False,16.45,False,True,386,386,low_touch_inventory_capture,lot_expiry_traceability
Basic Kitchen and Food Service Management,https://opentextbc.ca/basickitchenandfoodservicemanagement/,distributed_perishable_inventory_management,1.0.0,1bf3d832c7fa33fb6455ff5d20af0292e3584d9a20a14712c522d889504db03f,4c948d4ace454fc089cd15827a98af51,48.06,86.05,89.8,23.9,24.65,14.65,52.75,9.85,False,60.1,False,38.8,False,5.0,False,50.2,False,65.65,False,11.65,False,8.25,False,36.1,False,13.45,False,2.6,False,21.9,False,19.25,False,True,181,181,stock_movement_capture,lot_expiry_traceability
GulfDrug,https://www.gulfdrug.com/en,distributed_perishable_inventory_management,1.0.0,1bf3d832c7fa33fb6455ff5d20af0292e3584d9a20a14712c522d889504db03f,09e3661238384ce7b288160201f169c3,47.73,64.75,25.5,56.15,35.8,67.45,14.1,39.15,False,57.9,False,34.0,False,18.0,False,3.6,False,58.35,False,14.35,False,31.5,False,89.6,True,27.7,False,17.3,False,37.1,False,21.6,False,True,42,42,lot_expiry_traceability,replenishment_action
TrufflePOS,https://trufflesystems.io/,distributed_perishable_inventory_management,1.0.0,1bf3d832c7fa33fb6455ff5d20af0292e3584d9a20a14712c522d889504db03f,1cfbb87d32114bf3887d08e2ebd66f03,47.53,60.75,52.4,60.35,53.65,19.4,38.9,50.65,False,37.4,False,31.0,False,17.2,False,74.05,True,65.75,False,27.5,False,49.1,False,69.85,False,66.4,False,2.0,False,52.6,False,20.15,False,True,130,130,physical_inventory_state,lot_expiry_traceability
Amalga Health,https://www.amalga.health/,distributed_perishable_inventory_management,1.0.0,1bf3d832c7fa33fb6455ff5d20af0292e3584d9a20a14712c522d889504db03f,beb0928f95494c66af58511e68cfbae9,46.36,57.2,60.9,17.2,56.05,43.8,52.65,47.1,False,38.6,False,40.4,False,8.85,False,3.0,False,49.8,False,5.2,False,10.95,False,4.2,False,35.65,False,2.0,False,54.1,False,26.5,False,False,15,15,stock_movement_capture,low_touch_inventory_capture
ReFED,https://refed.org/,distributed_perishable_inventory_management,1.0.0,1bf3d832c7fa33fb6455ff5d20af0292e3584d9a20a14712c522d889504db03f,4fd75a329b164e91b6c6bbafd794105c,46.36,25.45,70.65,56.05,32.95,60.2,26.45,43.4,False,54.25,False,50.55,False,21.0,False,87.45,True,46.65,False,38.65,False,36.3,False,79.2,True,19.45,False,4.2,False,61.6,False,40.85,False,True,303,303,stock_movement_capture,physical_inventory_state
demandsoft,https://www.demandsoft.de/en/,distributed_perishable_inventory_management,1.0.0,1bf3d832c7fa33fb6455ff5d20af0292e3584d9a20a14712c522d889504db03f,c2bef26e1c65444e9659e4fa4526b3f0,46.27,66.8,35.7,7.45,72.7,33.4,82.4,44.55,False,50.95,False,16.65,False,3.0,False,8.45,False,45.55,False,3.6,False,6.2,False,14.75,False,21.3,False,2.6,False,72.1,True,48.05,False,False,9,9,replenishment_action,low_touch_inventory_capture
"Netsmart Technologies, Inc,",https://www.ntst.com/,distributed_perishable_inventory_management,1.0.0,1bf3d832c7fa33fb6455ff5d20af0292e3584d9a20a14712c522d889504db03f,368e013b39064befb043f083465473a4,44.31,49.3,66.75,62.35,37.55,25.65,17.15,52.45,False,43.25,False,50.15,False,76.55,True,21.6,False,65.85,False,55.35,False,27.6,False,5.0,False,39.7,False,3.45,False,41.5,False,34.3,False,True,672,672,stock_movement_capture,replenishment_action
eXPD8,https://www.expd8.co.uk/,distributed_perishable_inventory_management,1.0.0,1bf3d832c7fa33fb6455ff5d20af0292e3584d9a20a14712c522d889504db03f,4c68552ffdc84ca1bc64a67314bfacf7,43.83,80.25,46.05,10.7,72.2,5.05,69.6,58.8,False,69.5,False,25.45,False,3.6,False,24.45,False,79.9,True,14.85,False,5.45,False,5.2,False,32.15,False,2.0,False,85.9,True,79.85,True,True,73,73,physical_inventory_state,lot_expiry_traceability
RBOmnishore,https://rb-omnishore.de/,distributed_perishable_inventory_management,1.0.0,1bf3d832c7fa33fb6455ff5d20af0292e3584d9a20a14712c522d889504db03f,5bbe39e4f6304b7d83d68983a5a62cee,43.62,60.2,25.2,39.2,67.35,15.75,67.1,52.1,False,41.55,False,9.6,False,4.0,False,22.9,False,28.45,False,23.15,False,8.2,False,4.0,False,82.45,True,7.0,False,50.9,False,15.0,False,False,155,155,multi_location_control,lot_expiry_traceability
Illumia,https://illumiatech.com/,distributed_perishable_inventory_management,1.0.0,1bf3d832c7fa33fb6455ff5d20af0292e3584d9a20a14712c522d889504db03f,c3d42b45738d4079ab6730ff3ff46662,43.19,39.55,78.25,76.6,36.65,5.2,20.8,60.45,False,56.95,False,42.6,False,82.4,True,91.55,True,52.0,False,45.55,False,64.25,False,41.0,False,73.1,True,2.85,False,63.15,False,23.65,False,True,196,196,stock_movement_capture,lot_expiry_traceability
TotalCtrl,https://totalctrl.com/,distributed_perishable_inventory_management,1.0.0,1bf3d832c7fa33fb6455ff5d20af0292e3584d9a20a14712c522d889504db03f,6af25373a5aa444da044db9d1cfad418,42.52,74.8,53.1,22.85,21.9,44.3,27.4,64.4,False,39.5,False,23.15,False,42.65,False,62.55,False,73.85,True,7.6,False,11.25,False,6.45,False,55.7,False,7.6,False,35.6,False,23.45,False,True,12,12,physical_inventory_state,multi_location_control
BeBee,https://bebee.com/br,distributed_perishable_inventory_management,1.0.0,1bf3d832c7fa33fb6455ff5d20af0292e3584d9a20a14712c522d889504db03f,38edd51301624952bb49b0440085f4b3,42.1,74.85,77.7,6.8,21.0,48.95,13.6,12.35,False,37.05,False,20.65,False,8.55,False,24.95,False,65.8,False,4.6,False,3.0,False,13.25,False,15.3,False,85.6,True,22.25,False,21.55,False,True,77,77,stock_movement_capture,low_touch_inventory_capture
Zoho,https://www.zoho.com/pt-br/?sredirect=true,distributed_perishable_inventory_management,1.0.0,1bf3d832c7fa33fb6455ff5d20af0292e3584d9a20a14712c522d889504db03f,e4071a722cc946da822c7a1af4f51e42,41.63,70.2,59.1,26.45,64.0,5.6,34.55,56.2,False,22.45,False,18.5,False,23.1,False,10.15,False,49.55,False,28.2,False,6.45,False,15.4,False,42.3,False,81.15,True,51.85,False,27.05,False,True,245,245,physical_inventory_state,lot_expiry_traceability
Eatres,https://eatres.com/,distributed_perishable_inventory_management,1.0.0,1bf3d832c7fa33fb6455ff5d20af0292e3584d9a20a14712c522d889504db03f,63924e3d105c406598e0ab608db3b841,40.73,62.3,46.9,22.05,58.0,18.4,47.2,45.0,False,30.25,False,11.45,False,3.0,False,58.3,False,65.85,False,4.0,False,17.3,False,6.4,False,49.05,False,8.0,False,58.6,False,24.85,False,False,24,24,physical_inventory_state,lot_expiry_traceability
SlideTeam,https://www.slideteam.net/,distributed_perishable_inventory_management,1.0.0,1bf3d832c7fa33fb6455ff5d20af0292e3584d9a20a14712c522d889504db03f,94257fb725ce4f7aa375945606ad4152,39.52,53.85,57.85,23.7,38.05,24.55,45.3,8.85,False,34.85,False,19.75,False,5.85,False,48.05,False,60.2,False,30.45,False,9.35,False,26.8,False,15.6,False,6.6,False,50.05,False,53.5,False,True,689,689,stock_movement_capture,low_touch_inventory_capture
Dephna,https://www.dephna.com/,distributed_perishable_inventory_management,1.0.0,1bf3d832c7fa33fb6455ff5d20af0292e3584d9a20a14712c522d889504db03f,5fe06c1f89414269a863e1006b24d829,38.75,54.45,33.1,19.05,34.6,60.25,21.7,38.6,False,33.75,False,34.6,False,9.7,False,80.05,True,55.7,False,3.0,False,12.6,False,88.6,True,11.4,False,2.0,False,72.9,True,16.45,False,True,197,197,lot_expiry_traceability,low_touch_inventory_capture
IntuitionLabs,https://intuitionlabs.ai/,distributed_perishable_inventory_management,1.0.0,1bf3d832c7fa33fb6455ff5d20af0292e3584d9a20a14712c522d889504db03f,e5ffb7589cf944a29aad1ebe871972a1,38.58,43.2,35.15,35.05,25.5,66.5,9.35,29.35,False,67.65,False,8.45,False,4.0,False,3.0,False,37.65,False,6.4,False,10.45,False,73.5,True,43.75,False,18.25,False,22.85,False,14.9,False,True,309,309,lot_expiry_traceability,replenishment_action
Tenwave Infotech Pvt Ltd,https://www.tenwavehealthcare.com/,distributed_perishable_inventory_management,1.0.0,1bf3d832c7fa33fb6455ff5d20af0292e3584d9a20a14712c522d889504db03f,3af9014bf512419697fa4370e13479b2,38.57,56.05,69.5,39.05,40.4,6.45,22.3,51.65,False,40.65,False,23.65,False,74.95,True,5.2,False,59.4,False,37.3,False,8.6,False,5.6,False,29.25,False,6.0,False,36.45,False,18.45,False,False,50,50,stock_movement_capture,lot_expiry_traceability
SageNet,https://www.sagenet.com/,distributed_perishable_inventory_management,1.0.0,1bf3d832c7fa33fb6455ff5d20af0292e3584d9a20a14712c522d889504db03f,bd3d04f76d294d209469366f11b13272,37.98,43.95,34.2,52.9,24.4,44.4,12.4,38.1,False,36.05,False,10.45,False,5.85,False,49.25,False,45.65,False,21.15,False,38.65,False,24.0,False,53.1,False,2.0,False,60.15,False,40.2,False,True,94,94,low_touch_inventory_capture,replenishment_action
Canopy,https://www.gocanopy.com/,distributed_perishable_inventory_management,1.0.0,1bf3d832c7fa33fb6455ff5d20af0292e3584d9a20a14712c522d889504db03f,fb3a758cdb694c05ad6a8ebbe3893287,37.39,40.6,51.25,64.7,32.2,8.45,23.4,50.2,False,44.1,False,14.65,False,9.85,False,75.45,True,62.1,False,53.2,False,48.45,False,70.9,True,46.5,False,2.6,False,60.45,False,22.8,False,True,160,160,low_touch_inventory_capture,lot_expiry_traceability
the Restaurant Resource Group,https://ezchef.com/,distributed_perishable_inventory_management,1.0.0,1bf3d832c7fa33fb6455ff5d20af0292e3584d9a20a14712c522d889504db03f,abb04388d9f545caa6f8e46ff77ce110,35.98,77.8,45.65,11.1,47.95,5.2,34.55,74.55,True,36.1,False,36.5,False,4.6,False,66.2,False,62.25,False,3.85,False,8.45,False,3.0,False,20.85,False,2.0,False,44.55,False,15.6,False,False,7,7,physical_inventory_state,lot_expiry_traceability
Hoffmann Group | Go Digital Store,https://digital.hoffmann-group.com/de-DE/,distributed_perishable_inventory_management,1.0.0,1bf3d832c7fa33fb6455ff5d20af0292e3584d9a20a14712c522d889504db03f,71d7613ab52a44738b50bbe5c43be4b1,35.12,48.0,36.25,78.6,14.1,4.0,14.4,28.65,False,66.85,False,6.85,False,2.0,False,3.85,False,19.45,False,83.6,True,15.25,False,24.55,False,37.05,False,23.5,False,16.8,False,17.3,False,True,69,69,low_touch_inventory_capture,lot_expiry_traceability
EIT Food,https://www.eitfood.eu/,distributed_perishable_inventory_management,1.0.0,1bf3d832c7fa33fb6455ff5d20af0292e3584d9a20a14712c522d889504db03f,c5ad458d5d734f61bb7491e708766919,34.6,15.45,52.15,58.2,10.0,49.85,6.6,34.85,False,48.7,False,13.5,False,13.75,False,71.55,True,35.6,False,10.7,False,38.05,False,37.1,False,12.0,False,15.85,False,24.85,False,11.15,False,True,118,118,low_touch_inventory_capture,replenishment_action
CDS Ship Chandler,https://www.cmrshipchandling.com/,distributed_perishable_inventory_management,1.0.0,1bf3d832c7fa33fb6455ff5d20af0292e3584d9a20a14712c522d889504db03f,61faad19015146e8ae258bc756846d7f,33.27,70.85,10.6,6.6,36.2,50.7,12.2,38.0,False,31.5,False,40.35,False,4.85,False,52.75,False,40.15,False,3.6,False,4.0,False,71.05,True,8.0,False,2.0,False,74.6,True,25.65,False,True,633,633,physical_inventory_state,low_touch_inventory_capture
Fedserv,https://fedservffm.co.za/,distributed_perishable_inventory_management,1.0.0,1bf3d832c7fa33fb6455ff5d20af0292e3584d9a20a14712c522d889504db03f,1cb02d3ffbab418191201a20267cc6f8,32.99,66.55,53.55,4.6,18.05,28.8,21.7,49.45,False,21.1,False,27.35,False,8.4,False,74.0,True,66.8,False,3.0,False,3.0,False,49.65,False,6.3,False,2.0,False,34.05,False,61.8,False,True,26,26,physical_inventory_state,low_touch_inventory_capture
Shopify Community,https://community.shopify.com/,distributed_perishable_inventory_management,1.0.0,1bf3d832c7fa33fb6455ff5d20af0292e3584d9a20a14712c522d889504db03f,3b57d6a43b8643caa9279546c3dc6080,32.45,62.0,35.9,13.4,67.15,4.45,21.65,35.5,False,48.5,False,8.65,False,2.6,False,3.0,False,11.95,False,30.1,False,7.3,False,2.6,False,29.25,False,58.55,False,48.6,False,23.0,False,True,80,80,multi_location_control,lot_expiry_traceability
CGI Inc.,https://www.cgi.com/en,distributed_perishable_inventory_management,1.0.0,1bf3d832c7fa33fb6455ff5d20af0292e3584d9a20a14712c522d889504db03f,62c89b01c00c48c4bc86ac3806c345e4,32.28,36.45,58.25,27.5,41.3,4.2,38.0,56.25,False,15.45,False,12.05,False,51.6,False,85.0,True,46.4,False,7.5,False,21.35,False,18.55,False,68.9,False,4.6,False,52.25,False,20.45,False,True,153,153,stock_movement_capture,lot_expiry_traceability
Sinteco,https://www.sintecorobotics.com/,distributed_perishable_inventory_management,1.0.0,1bf3d832c7fa33fb6455ff5d20af0292e3584d9a20a14712c522d889504db03f,87c96e6d5f6746259575e94e7f6577dc,30.7,21.2,26.85,33.3,25.0,44.4,30.15,27.9,False,24.25,False,12.05,False,5.05,False,3.0,False,43.2,False,29.85,False,6.25,False,4.8,False,6.25,False,40.15,False,32.85,False,22.25,False,True,4,4,lot_expiry_traceability,physical_inventory_state
Pro Chef Kitchen Tools,https://prochefkitchentools.com/,distributed_perishable_inventory_management,1.0.0,1bf3d832c7fa33fb6455ff5d20af0292e3584d9a20a14712c522d889504db03f,31dfaa77035142e0912cd72d78785c44,30.62,41.75,21.6,39.0,4.0,47.7,9.55,16.95,False,43.1,False,67.95,False,12.2,False,34.1,False,18.0,False,20.65,False,30.4,False,41.05,False,5.2,False,2.0,False,8.7,False,9.7,False,True,160,160,lot_expiry_traceability,multi_location_control
InVentry,https://inventry.co.uk/,distributed_perishable_inventory_management,1.0.0,1bf3d832c7fa33fb6455ff5d20af0292e3584d9a20a14712c522d889504db03f,596f0304b97d4a16897eaebb3f8ed8b2,30.24,49.7,37.95,47.55,24.6,7.6,4.0,25.8,False,42.9,False,9.4,False,5.0,False,26.3,False,19.6,False,59.05,False,8.0,False,4.85,False,10.65,False,2.0,False,31.45,False,9.6,False,True,131,131,physical_inventory_state,replenishment_action
DTF GENETICS,https://dtfseeds.com/,distributed_perishable_inventory_management,1.0.0,1bf3d832c7fa33fb6455ff5d20af0292e3584d9a20a14712c522d889504db03f,48ef43b20ac44683ab409a75dfeea197,30.21,40.35,62.55,19.05,11.65,34.35,5.0,15.4,False,84.85,True,7.2,False,2.0,False,3.0,False,19.85,False,4.85,False,4.6,False,85.45,True,8.05,False,2.0,False,9.85,False,7.45,False,True,103,103,stock_movement_capture,replenishment_action
Bermuda Hospitals Board,https://bermudahospitals.bm/,distributed_perishable_inventory_management,1.0.0,1bf3d832c7fa33fb6455ff5d20af0292e3584d9a20a14712c522d889504db03f,a33aa02dd413489d8573219249fd4569,29.2,51.35,56.45,34.4,16.4,4.0,5.85,15.7,False,30.75,False,14.8,False,48.05,False,15.15,False,21.1,False,7.2,False,16.2,False,30.2,False,8.0,False,20.0,False,27.05,False,15.55,False,True,1608,1608,stock_movement_capture,lot_expiry_traceability
Departamento Nacional de Infraestrutura de Transportes,https://www.gov.br/dnit/pt-br,distributed_perishable_inventory_management,1.0.0,1bf3d832c7fa33fb6455ff5d20af0292e3584d9a20a14712c522d889504db03f,7d299ed0d0fc4313bd29ee0c30d84b97,29.2,62.3,60.8,6.45,27.45,3.0,18.4,19.2,False,42.85,False,28.3,False,3.6,False,33.15,False,16.6,False,3.0,False,4.45,False,4.45,False,20.65,False,67.4,False,46.9,False,27.15,False,True,392,392,physical_inventory_state,lot_expiry_traceability
Verified Market Research,https://www.verifiedmarketresearch.com/,distributed_perishable_inventory_management,1.0.0,1bf3d832c7fa33fb6455ff5d20af0292e3584d9a20a14712c522d889504db03f,b28472c37050478daab0b1ff146e9d58,28.15,33.65,22.45,30.1,23.7,38.1,11.6,17.45,False,26.8,False,50.95,False,19.45,False,87.2,True,29.25,False,20.3,False,13.9,False,83.2,True,20.65,False,9.2,False,50.4,False,19.75,False,True,1881,1881,lot_expiry_traceability,replenishment_action
Garden of Echo,https://6garden.wordpress.com/,distributed_perishable_inventory_management,1.0.0,1bf3d832c7fa33fb6455ff5d20af0292e3584d9a20a14712c522d889504db03f,c60cdf4bb5a0488cb9ff37b3ebe6d10f,26.76,42.4,62.55,13.5,20.45,10.25,12.75,19.1,False,14.85,False,10.65,False,3.0,False,46.15,False,46.35,False,5.65,False,6.9,False,29.05,False,20.25,False,6.85,False,21.5,False,12.7,False,True,188,188,stock_movement_capture,lot_expiry_traceability
Skedulo,https://www.skedulo.com/,distributed_perishable_inventory_management,1.0.0,1bf3d832c7fa33fb6455ff5d20af0292e3584d9a20a14712c522d889504db03f,78d593bd71f24cb7a964f4e4bdcb12f1,26.55,44.85,60.25,11.6,24.45,3.6,19.6,43.25,False,20.15,False,10.25,False,6.45,False,48.65,False,42.35,False,11.0,False,6.2,False,3.85,False,24.6,False,10.5,False,33.35,False,18.35,False,True,338,338,stock_movement_capture,lot_expiry_traceability
Glide,https://www.glideapps.com/,distributed_perishable_inventory_management,1.0.0,1bf3d832c7fa33fb6455ff5d20af0292e3584d9a20a14712c522d889504db03f,d8dcf81d1c6646f79b09fb2a231b7cd3,26.32,27.0,35.05,64.1,10.2,4.6,5.2,68.3,False,53.0,False,11.0,False,3.85,False,5.85,False,23.05,False,66.65,False,10.35,False,2.6,False,44.35,False,2.0,False,9.0,False,6.0,False,True,157,157,low_touch_inventory_capture,lot_expiry_traceability
Supply Agency of the European Atomic Energy Community,https://euratom-supply.ec.europa.eu/index_en,distributed_perishable_inventory_management,1.0.0,1bf3d832c7fa33fb6455ff5d20af0292e3584d9a20a14712c522d889504db03f,2e9cf5c515674d61ad986a8ca5a83470,26.05,54.45,59.35,3.6,26.45,4.0,11.45,9.15,False,22.8,False,4.0,False,2.0,False,3.6,False,7.4,False,2.0,False,3.0,False,9.0,False,9.7,False,11.0,False,21.8,False,16.0,False,True,47,47,stock_movement_capture,low_touch_inventory_capture
gefox,https://gefox.com.br,distributed_perishable_inventory_management,1.0.0,1bf3d832c7fa33fb6455ff5d20af0292e3584d9a20a14712c522d889504db03f,ea70a5bccb4644da8a8b1d853238472d,24.73,33.0,16.0,5.0,55.0,3.0,58.0,44.0,False,10.0,False,12.0,False,3.0,False,13.0,False,42.0,False,3.0,False,5.0,False,3.0,False,9.0,False,81.0,True,66.0,False,43.0,False,False,1,1,replenishment_action,lot_expiry_traceability
Straits Research,https://straitsresearch.com/,distributed_perishable_inventory_management,1.0.0,1bf3d832c7fa33fb6455ff5d20af0292e3584d9a20a14712c522d889504db03f,ff2e358bd9cd46e3acac6356d4f56713,24.33,32.65,20.7,28.05,27.5,16.65,18.55,22.0,False,27.0,False,11.2,False,8.6,False,51.85,False,26.65,False,14.05,False,13.8,False,77.55,True,16.9,False,22.6,False,45.1,False,19.4,False,True,544,544,physical_inventory_state,lot_expiry_traceability
Goodsource Solutions,https://goodsource.com/,distributed_perishable_inventory_management,1.0.0,1bf3d832c7fa33fb6455ff5d20af0292e3584d9a20a14712c522d889504db03f,c130491b151741bcb2ae3b1b3c6a35e0,22.97,34.75,37.85,5.0,19.9,26.65,12.2,41.55,False,49.2,False,26.3,False,70.85,True,93.0,True,32.1,False,4.2,False,3.0,False,48.9,False,4.85,False,3.0,False,43.15,False,24.65,False,True,166,166,stock_movement_capture,low_touch_inventory_capture
CaterZen,https://www.caterzen.com/,distributed_perishable_inventory_management,1.0.0,1bf3d832c7fa33fb6455ff5d20af0292e3584d9a20a14712c522d889504db03f,2cef2f9164704dff9846fe025694ff61,22.03,25.65,40.0,8.7,48.15,4.6,17.8,52.7,False,70.15,True,7.6,False,9.25,False,71.5,True,34.65,False,3.85,False,27.4,False,13.25,False,47.25,False,2.0,False,47.1,False,13.9,False,True,166,166,multi_location_control,lot_expiry_traceability
Department of Corrections and Community Supervision,https://doccs.ny.gov/,distributed_perishable_inventory_management,1.0.0,1bf3d832c7fa33fb6455ff5d20af0292e3584d9a20a14712c522d889504db03f,697217e73e9f4e6982c79db0bf3d7497,21.85,32.6,51.9,14.2,22.85,4.0,8.4,14.85,False,63.8,False,32.05,False,15.05,False,79.75,True,23.25,False,3.0,False,3.6,False,8.45,False,8.6,False,5.65,False,69.05,False,24.1,False,True,777,777,stock_movement_capture,lot_expiry_traceability
Foodbuy,https://www.foodbuy.com/,distributed_perishable_inventory_management,1.0.0,1bf3d832c7fa33fb6455ff5d20af0292e3584d9a20a14712c522d889504db03f,1ae8f5faf12b45e99168af7d159c4607,20.46,28.45,37.55,8.55,29.0,9.6,15.05,46.25,False,28.25,False,25.85,False,66.3,False,92.05,True,33.35,False,3.6,False,4.6,False,38.45,False,38.45,False,2.6,False,65.2,False,20.2,False,True,69,69,stock_movement_capture,low_touch_inventory_capture
DAIC,https://www.dicardiology.com/,distributed_perishable_inventory_management,1.0.0,1bf3d832c7fa33fb6455ff5d20af0292e3584d9a20a14712c522d889504db03f,f987240d6edd4d119243cb13756e17bc,20.13,37.3,31.7,22.6,10.65,5.85,7.15,22.2,False,50.05,False,14.05,False,5.2,False,3.0,False,37.7,False,10.15,False,12.35,False,10.2,False,11.85,False,4.6,False,18.95,False,22.55,False,True,480,480,physical_inventory_state,lot_expiry_traceability
GOL Linhas Aéreas,https://www.voegol.com.br/,distributed_perishable_inventory_management,1.0.0,1bf3d832c7fa33fb6455ff5d20af0292e3584d9a20a14712c522d889504db03f,0991e3f23bc54ffc9b0a92ac06aa41c1,18.84,24.85,62.65,4.0,17.0,3.6,6.6,11.85,False,34.0,False,6.85,False,2.85,False,15.05,False,9.6,False,2.0,False,3.0,False,4.85,False,3.6,False,88.7,True,47.8,False,9.85,False,True,100,100,stock_movement_capture,lot_expiry_traceability
Grayline Medical,https://www.graylinemedical.com/,distributed_perishable_inventory_management,1.0.0,1bf3d832c7fa33fb6455ff5d20af0292e3584d9a20a14712c522d889504db03f,f7ab55ed95544c6cbb9b2e18bce3af16,18.35,39.7,7.6,11.65,4.0,29.7,4.0,12.3,False,72.45,True,18.1,False,5.0,False,3.0,False,27.05,False,25.8,False,2.85,False,4.85,False,9.85,False,5.0,False,9.6,False,5.6,False,True,111,111,physical_inventory_state,multi_location_control
Jotform,https://www.jotform.com/,distributed_perishable_inventory_management,1.0.0,1bf3d832c7fa33fb6455ff5d20af0292e3584d9a20a14712c522d889504db03f,9141e5f6062f4b4a836932cb88945594,18.3,35.0,40.8,5.6,6.85,3.0,20.85,51.85,False,13.0,False,8.0,False,4.0,False,12.05,False,29.3,False,3.85,False,8.45,False,3.6,False,25.15,False,49.45,False,8.0,False,11.45,False,True,223,223,stock_movement_capture,lot_expiry_traceability
CheckThat.ai,https://checkthat.ai/,distributed_perishable_inventory_management,1.0.0,1bf3d832c7fa33fb6455ff5d20af0292e3584d9a20a14712c522d889504db03f,be877e4be441437fbc2cd3e2c00e4f5a,18.21,31.45,14.2,17.65,37.25,3.0,8.0,16.35,False,10.0,False,7.05,False,3.6,False,27.35,False,19.2,False,11.0,False,6.65,False,6.65,False,46.05,False,34.25,False,23.7,False,9.8,False,True,471,471,multi_location_control,lot_expiry_traceability
Bureau of Land Management,https://www.blm.gov/,distributed_perishable_inventory_management,1.0.0,1bf3d832c7fa33fb6455ff5d20af0292e3584d9a20a14712c522d889504db03f,7e9ed655b09b47f8adb46989c7ac4c59,17.45,35.45,31.7,5.8,25.75,3.0,5.0,9.85,False,21.6,False,7.45,False,2.0,False,17.7,False,8.9,False,5.15,False,3.85,False,6.9,False,8.05,False,4.85,False,42.55,False,17.35,False,True,180,180,physical_inventory_state,lot_expiry_traceability
US EPA,https://www.epa.gov/,distributed_perishable_inventory_management,1.0.0,1bf3d832c7fa33fb6455ff5d20af0292e3584d9a20a14712c522d889504db03f,4558c3ab04a24a78bbef8986ef806cd9,16.89,57.15,13.7,3.0,14.6,3.0,3.0,12.95,False,24.3,False,10.85,False,6.05,False,10.0,False,9.6,False,2.0,False,5.2,False,9.3,False,3.85,False,18.0,False,25.85,False,6.0,False,True,100,100,physical_inventory_state,low_touch_inventory_capture
Software,https://software.com.br/,distributed_perishable_inventory_management,1.0.0,1bf3d832c7fa33fb6455ff5d20af0292e3584d9a20a14712c522d889504db03f,c1e663640c4f4c9eb4d78e825d4df6a5,16.86,31.05,14.2,21.6,7.45,12.05,6.85,20.2,False,26.3,False,5.7,False,3.0,False,7.2,False,18.35,False,33.6,False,9.2,False,23.85,False,29.5,False,91.45,True,15.0,False,7.85,False,True,83,83,physical_inventory_state,replenishment_action
Publications Office of the EU,https://op.europa.eu/en/home,distributed_perishable_inventory_management,1.0.0,1bf3d832c7fa33fb6455ff5d20af0292e3584d9a20a14712c522d889504db03f,641267c30f484694a7a3187b7831a639,16.62,18.45,10.6,34.6,20.0,5.85,6.0,13.65,False,57.35,False,19.75,False,52.2,False,66.65,False,23.75,False,12.6,False,15.05,False,5.6,False,10.3,False,6.65,False,61.55,False,35.1,False,True,124,124,low_touch_inventory_capture,lot_expiry_traceability
Notion,https://www.notion.com/,distributed_perishable_inventory_management,1.0.0,1bf3d832c7fa33fb6455ff5d20af0292e3584d9a20a14712c522d889504db03f,4fe76d185eee46879da5bb2ca119b695,16.53,37.5,32.4,3.6,6.8,9.6,5.45,49.05,False,39.55,False,25.1,False,3.0,False,23.1,False,19.9,False,2.0,False,5.0,False,3.0,False,5.6,False,59.85,False,19.85,False,8.25,False,True,224,224,physical_inventory_state,low_touch_inventory_capture
DVIDS,https://www.dvidshub.net/,distributed_perishable_inventory_management,1.0.0,1bf3d832c7fa33fb6455ff5d20af0292e3584d9a20a14712c522d889504db03f,ed7c2dee3d994cc3a12a25cfa3f8570b,16.5,32.45,37.75,3.0,15.65,2.6,10.15,8.6,False,43.9,False,21.3,False,4.8,False,41.2,False,13.45,False,2.85,False,2.0,False,5.2,False,3.0,False,2.0,False,46.15,False,11.8,False,True,74,74,stock_movement_capture,lot_expiry_traceability
Labelbox,https://labelbox.com/,distributed_perishable_inventory_management,1.0.0,1bf3d832c7fa33fb6455ff5d20af0292e3584d9a20a14712c522d889504db03f,0cc6bedb9ae145eeb6355e5dc0caa5ff,15.94,22.4,10.85,30.05,16.75,3.0,9.0,36.45,False,32.85,False,5.45,False,3.0,False,6.3,False,23.3,False,2.85,False,26.25,False,3.6,False,7.5,False,9.75,False,33.95,False,6.45,False,True,164,164,low_touch_inventory_capture,lot_expiry_traceability
Dalhousie University,https://www.dal.ca/faculty/management.html,distributed_perishable_inventory_management,1.0.0,1bf3d832c7fa33fb6455ff5d20af0292e3584d9a20a14712c522d889504db03f,da3f8264be8947328a9fdefa34deee6a,15.56,16.85,15.05,32.35,17.65,2.85,5.45,11.45,False,12.85,False,5.45,False,3.85,False,40.95,False,7.6,False,2.0,False,10.3,False,15.3,False,40.4,False,3.8,False,29.55,False,7.0,False,True,72,72,low_touch_inventory_capture,lot_expiry_traceability
Startup Stash,https://startupstash.com/,distributed_perishable_inventory_management,1.0.0,1bf3d832c7fa33fb6455ff5d20af0292e3584d9a20a14712c522d889504db03f,0af83bc0c4734cbebc2be2a8753d871f,15.27,29.1,16.3,20.8,9.0,5.05,5.7,12.7,False,16.2,False,6.45,False,3.6,False,5.6,False,24.7,False,40.2,False,7.95,False,9.4,False,12.65,False,4.2,False,8.6,False,11.25,False,True,166,166,physical_inventory_state,lot_expiry_traceability
United Poly Engineering Pvt. Ltd,https://www.unitedpoly.com/,distributed_perishable_inventory_management,1.0.0,1bf3d832c7fa33fb6455ff5d20af0292e3584d9a20a14712c522d889504db03f,0c2a98b49a9e414e99494176aced977d,15.0,37.0,17.75,11.7,5.6,6.45,4.85,21.7,False,77.45,True,56.05,False,62.8,False,16.0,False,19.45,False,4.8,False,7.05,False,23.15,False,4.45,False,6.9,False,24.9,False,7.7,False,True,242,242,physical_inventory_state,replenishment_action
Veterans Affairs,https://www.va.gov/,distributed_perishable_inventory_management,1.0.0,1bf3d832c7fa33fb6455ff5d20af0292e3584d9a20a14712c522d889504db03f,c391bacf596743fa8b4d022a3991155c,14.6,28.4,28.9,3.0,16.65,4.6,7.85,35.25,False,41.15,False,62.2,False,48.0,False,14.45,False,12.4,False,2.6,False,3.0,False,31.45,False,3.6,False,3.2,False,51.05,False,10.3,False,True,118,118,stock_movement_capture,low_touch_inventory_capture
United Nations Environment Programme,https://www.unep.org/,distributed_perishable_inventory_management,1.0.0,1bf3d832c7fa33fb6455ff5d20af0292e3584d9a20a14712c522d889504db03f,fb7bc1168aae46dbba320e44ca6a067d,14.57,16.25,39.15,5.3,10.6,11.8,5.6,6.6,False,33.0,False,8.0,False,4.2,False,54.65,False,17.05,False,2.6,False,3.0,False,6.2,False,5.4,False,67.35,False,32.6,False,10.4,False,True,203,203,stock_movement_capture,low_touch_inventory_capture
Coefficient,https://coefficient.io/,distributed_perishable_inventory_management,1.0.0,1bf3d832c7fa33fb6455ff5d20af0292e3584d9a20a14712c522d889504db03f,b52817d426694c22ab2bbfcd0ec7a61a,14.08,19.8,15.6,18.25,17.4,5.3,7.2,37.4,False,13.45,False,6.45,False,3.0,False,4.6,False,10.0,False,2.0,False,9.55,False,2.0,False,61.5,False,2.0,False,13.7,False,7.0,False,True,332,332,physical_inventory_state,lot_expiry_traceability
Strange Horizons,https://strangehorizons.com/,distributed_perishable_inventory_management,1.0.0,1bf3d832c7fa33fb6455ff5d20af0292e3584d9a20a14712c522d889504db03f,0b5aa2d805534fd39a88c1598a08c1a8,14.05,18.45,20.7,7.05,5.05,16.9,14.65,7.45,False,32.35,False,13.65,False,3.45,False,17.7,False,11.6,False,3.2,False,6.6,False,21.7,False,6.2,False,2.85,False,10.05,False,18.85,False,True,264,264,stock_movement_capture,multi_location_control
Founding Farmers,https://www.wearefoundingfarmers.com/,distributed_perishable_inventory_management,1.0.0,1bf3d832c7fa33fb6455ff5d20af0292e3584d9a20a14712c522d889504db03f,f2ed5d979e8746f197d5b6ad849f921e,13.45,14.75,27.55,10.6,17.2,6.85,5.85,22.2,False,28.9,False,15.85,False,18.85,False,57.65,False,19.55,False,5.85,False,3.6,False,11.05,False,4.85,False,4.4,False,65.8,False,9.45,False,True,122,122,stock_movement_capture,replenishment_action
"American Kennel Club, Inc.",https://www.akc.org/,distributed_perishable_inventory_management,1.0.0,1bf3d832c7fa33fb6455ff5d20af0292e3584d9a20a14712c522d889504db03f,1ec844d4e1964a45a7da1de6ca232f3b,13.27,31.25,25.55,4.2,6.3,3.0,7.65,7.2,False,48.35,False,6.7,False,2.85,False,12.65,False,19.3,False,10.55,False,3.0,False,11.9,False,3.0,False,4.7,False,17.7,False,7.45,False,True,163,163,physical_inventory_state,lot_expiry_traceability
Cleveland Clinic,https://my.clevelandclinic.org/,distributed_perishable_inventory_management,1.0.0,1bf3d832c7fa33fb6455ff5d20af0292e3584d9a20a14712c522d889504db03f,f851edefa13e4550827d223b7d67d954,13.07,33.9,19.45,3.0,10.6,4.0,5.2,36.3,False,36.6,False,37.05,False,35.65,False,5.65,False,14.1,False,3.2,False,3.0,False,14.15,False,17.05,False,8.8,False,40.25,False,17.25,False,True,193,193,physical_inventory_state,low_touch_inventory_capture
Post Punk Kitchen,https://www.theppk.com/,distributed_perishable_inventory_management,1.0.0,1bf3d832c7fa33fb6455ff5d20af0292e3584d9a20a14712c522d889504db03f,a7cb264d4ba347c5b397fdc1e73511e9,13.02,22.45,27.6,2.0,3.0,16.2,3.0,5.0,False,42.95,False,50.2,False,10.45,False,21.9,False,5.6,False,2.0,False,2.6,False,33.65,False,2.6,False,3.85,False,7.25,False,3.0,False,True,461,461,stock_movement_capture,low_touch_inventory_capture
Macquarie University,https://researchers.mq.edu.au/,distributed_perishable_inventory_management,1.0.0,1bf3d832c7fa33fb6455ff5d20af0292e3584d9a20a14712c522d889504db03f,47ffb0a5a08b4c25a368498811da258f,12.38,5.8,29.45,24.9,6.0,3.6,2.85,3.0,False,15.85,False,3.0,False,2.85,False,3.0,False,4.45,False,11.35,False,14.5,False,11.45,False,2.6,False,3.6,False,12.8,False,3.0,False,True,97,97,stock_movement_capture,replenishment_action
Ministério da Fazenda,https://www.gov.br/fazenda/pt-br,distributed_perishable_inventory_management,1.0.0,1bf3d832c7fa33fb6455ff5d20af0292e3584d9a20a14712c522d889504db03f,eee275a5a4f04883ab397a966f251054,11.49,21.9,23.35,5.65,8.65,3.6,5.45,10.0,False,14.0,False,18.15,False,13.75,False,37.85,False,9.9,False,3.0,False,6.0,False,5.0,False,12.7,False,60.4,False,16.65,False,11.75,False,True,340,340,stock_movement_capture,lot_expiry_traceability
United Nations,https://www.un.org/en,distributed_perishable_inventory_management,1.0.0,1bf3d832c7fa33fb6455ff5d20af0292e3584d9a20a14712c522d889504db03f,0ef41258399e4ef19762bf427ac86d98,11.45,29.4,18.45,3.6,7.85,3.0,4.0,7.6,False,23.2,False,5.85,False,4.6,False,41.3,False,6.45,False,3.45,False,3.6,False,10.9,False,9.0,False,21.9,False,23.9,False,7.85,False,True,310,310,physical_inventory_state,lot_expiry_traceability
Abbey's Kitchen,https://www.abbeyskitchen.com/,distributed_perishable_inventory_management,1.0.0,1bf3d832c7fa33fb6455ff5d20af0292e3584d9a20a14712c522d889504db03f,d1151152101b4e25959f137f7c6dfa70,11.01,20.8,13.05,2.0,2.0,19.45,2.85,5.0,False,33.7,False,23.45,False,13.3,False,12.05,False,7.05,False,2.0,False,2.0,False,35.15,False,2.0,False,2.0,False,5.6,False,3.0,False,True,426,426,physical_inventory_state,low_touch_inventory_capture
Drawing Room,https://drawingroom.org.uk/,distributed_perishable_inventory_management,1.0.0,1bf3d832c7fa33fb6455ff5d20af0292e3584d9a20a14712c522d889504db03f,82ab68b74ce94c96a449136bea368aa5,10.99,23.4,26.5,2.6,5.2,3.6,3.6,6.2,False,58.25,False,5.7,False,8.05,False,6.05,False,9.1,False,4.65,False,2.85,False,3.0,False,6.6,False,3.6,False,29.5,False,6.2,False,True,176,176,stock_movement_capture,low_touch_inventory_capture
Supply Nation,https://supplynation.org.au/,distributed_perishable_inventory_management,1.0.0,1bf3d832c7fa33fb6455ff5d20af0292e3584d9a20a14712c522d889504db03f,9fbdb579f1e2485882fe34064737d0d3,10.28,17.85,13.55,3.0,15.85,4.2,10.05,18.8,False,13.85,False,30.55,False,4.2,False,50.8,False,18.1,False,2.85,False,3.0,False,4.6,False,22.3,False,2.0,False,37.2,False,38.2,False,True,422,422,physical_inventory_state,low_touch_inventory_capture
Government.nl,https://www.government.nl/,distributed_perishable_inventory_management,1.0.0,1bf3d832c7fa33fb6455ff5d20af0292e3584d9a20a14712c522d889504db03f,8b50e3f3cd544d659e97b55019138034,10.11,9.85,38.2,3.6,4.85,3.0,3.85,5.85,False,14.65,False,3.85,False,3.0,False,31.05,False,8.0,False,2.85,False,3.0,False,4.0,False,3.0,False,43.1,False,16.3,False,4.85,False,True,85,85,stock_movement_capture,lot_expiry_traceability
Instituto Nacional da Propriedade Industrial,https://www.gov.br/inpi/en,distributed_perishable_inventory_management,1.0.0,1bf3d832c7fa33fb6455ff5d20af0292e3584d9a20a14712c522d889504db03f,ca7406e90f9c4aebac7e65c0dbe85233,10.04,20.05,26.55,2.6,4.45,3.0,3.0,9.85,False,12.4,False,5.4,False,5.4,False,24.05,False,5.45,False,3.2,False,2.0,False,3.6,False,5.4,False,81.35,True,14.0,False,5.7,False,True,324,324,stock_movement_capture,low_touch_inventory_capture
In Katrina's Kitchen,https://www.inkatrinaskitchen.com/,distributed_perishable_inventory_management,1.0.0,1bf3d832c7fa33fb6455ff5d20af0292e3584d9a20a14712c522d889504db03f,2cd8211822e346ffbf0427f60d18b9e0,9.88,11.65,18.9,7.45,2.85,12.45,3.0,5.0,False,39.8,False,22.6,False,6.05,False,34.2,False,4.85,False,2.0,False,2.85,False,37.85,False,2.0,False,4.6,False,5.6,False,3.0,False,True,250,250,stock_movement_capture,multi_location_control
Bucci Industries,https://www.bucci-industries.com/,distributed_perishable_inventory_management,1.0.0,1bf3d832c7fa33fb6455ff5d20af0292e3584d9a20a14712c522d889504db03f,e024ab7773574cab843d2dbd0ef6a389,9.08,13.25,8.45,9.05,14.55,4.0,5.85,28.8,False,11.2,False,13.1,False,7.0,False,8.2,False,17.0,False,3.6,False,5.6,False,4.6,False,4.85,False,88.0,True,35.1,False,11.05,False,True,71,71,multi_location_control,lot_expiry_traceability
Greatzern,https://greatzern.com/,distributed_perishable_inventory_management,1.0.0,1bf3d832c7fa33fb6455ff5d20af0292e3584d9a20a14712c522d889504db03f,4adba7419b294a83ae9c0b58c5a694a3,9.0,19.0,12.0,4.0,10.0,3.0,6.0,23.0,False,6.0,False,6.0,False,3.0,False,5.0,False,6.0,False,3.0,False,3.0,False,3.0,False,13.0,False,6.0,False,15.0,False,10.0,False,True,1,1,physical_inventory_state,lot_expiry_traceability
MEDIX-CARE,https://www.medix-care.com/,distributed_perishable_inventory_management,1.0.0,1bf3d832c7fa33fb6455ff5d20af0292e3584d9a20a14712c522d889504db03f,e72d8cbbd6e14ee48ee767f4ab81c5db,8.83,10.2,17.9,7.7,7.6,3.6,7.2,53.4,False,12.85,False,8.2,False,61.05,False,27.05,False,15.35,False,5.45,False,4.0,False,3.6,False,16.1,False,36.1,False,25.15,False,15.3,False,True,336,336,stock_movement_capture,lot_expiry_traceability
CT.gov - Connecticut's Official State Website,https://portal.ct.gov/,distributed_perishable_inventory_management,1.0.0,1bf3d832c7fa33fb6455ff5d20af0292e3584d9a20a14712c522d889504db03f,b36642c979064e40a810ae520b743e99,8.68,13.05,25.95,2.6,5.45,3.0,3.0,4.6,False,12.25,False,3.6,False,3.45,False,6.85,False,6.85,False,2.0,False,3.2,False,28.2,False,4.2,False,19.5,False,7.05,False,5.05,False,True,90,90,stock_movement_capture,low_touch_inventory_capture
Lancaster University,https://www.lancaster.ac.uk/,distributed_perishable_inventory_management,1.0.0,1bf3d832c7fa33fb6455ff5d20af0292e3584d9a20a14712c522d889504db03f,da3d96413a1247d5b2d887c24ebb59e6,8.65,23.7,9.25,3.6,5.2,3.0,4.45,8.3,False,13.25,False,14.45,False,3.6,False,30.35,False,6.05,False,2.0,False,2.0,False,7.95,False,5.85,False,7.05,False,16.7,False,7.05,False,True,176,176,physical_inventory_state,lot_expiry_traceability
Mobilon Mídia LTDA,https://tecnoblog.net/,distributed_perishable_inventory_management,1.0.0,1bf3d832c7fa33fb6455ff5d20af0292e3584d9a20a14712c522d889504db03f,1968004199204ccebcc46e47273c511f,8.43,5.45,10.85,17.1,3.0,7.7,3.0,7.6,False,33.7,False,2.85,False,2.0,False,6.25,False,4.6,False,5.55,False,7.45,False,4.85,False,3.6,False,46.5,False,5.6,False,3.6,False,True,145,145,low_touch_inventory_capture,multi_location_control
Correctional Association of New York,https://www.correctionalassociation.org/,distributed_perishable_inventory_management,1.0.0,1bf3d832c7fa33fb6455ff5d20af0292e3584d9a20a14712c522d889504db03f,23a0fe335e674bf9b80f679d2fb99ea7,7.87,14.05,9.25,3.0,10.8,3.0,9.0,5.2,False,9.4,False,14.2,False,5.0,False,29.25,False,6.65,False,2.0,False,2.85,False,5.8,False,3.6,False,2.0,False,23.05,False,14.6,False,True,40,40,physical_inventory_state,low_touch_inventory_capture
EventPro Software,https://www.eventpro.net/,distributed_perishable_inventory_management,1.0.0,1bf3d832c7fa33fb6455ff5d20af0292e3584d9a20a14712c522d889504db03f,8d7cd1da26854f27ab2b70ef6b005006,7.86,14.85,11.6,3.6,9.8,3.0,4.85,34.55,False,12.1,False,6.45,False,5.05,False,18.25,False,26.2,False,3.0,False,3.0,False,6.6,False,32.25,False,4.0,False,13.05,False,12.0,False,True,53,53,physical_inventory_state,lot_expiry_traceability
ROOM,https://room.com/,distributed_perishable_inventory_management,1.0.0,1bf3d832c7fa33fb6455ff5d20af0292e3584d9a20a14712c522d889504db03f,054eef2686284f02a83bc84ca82b521f,7.62,16.9,14.0,3.0,6.3,2.0,2.85,7.6,False,26.3,False,4.85,False,3.6,False,10.05,False,6.65,False,2.0,False,3.85,False,5.55,False,3.0,False,11.85,False,33.45,False,5.2,False,True,260,260,physical_inventory_state,lot_expiry_traceability
UCLA Anderson School of Management,https://www.anderson.ucla.edu/,distributed_perishable_inventory_management,1.0.0,1bf3d832c7fa33fb6455ff5d20af0292e3584d9a20a14712c522d889504db03f,e3ddc13de4884cd78a353b82454a6213,7.47,10.45,14.25,4.2,9.85,3.0,4.6,5.0,False,17.65,False,5.6,False,3.85,False,21.7,False,15.2,False,3.45,False,3.0,False,3.6,False,4.2,False,7.65,False,13.25,False,8.0,False,True,762,762,stock_movement_capture,lot_expiry_traceability
Association of Health Care Journalists,https://healthjournalism.org/,distributed_perishable_inventory_management,1.0.0,1bf3d832c7fa33fb6455ff5d20af0292e3584d9a20a14712c522d889504db03f,ed6149d20e834396a02e3d509f390001,7.45,9.45,14.1,2.6,5.45,9.35,3.0,4.0,False,19.1,False,5.3,False,7.5,False,20.35,False,11.85,False,2.0,False,2.6,False,7.05,False,2.6,False,2.0,False,11.6,False,7.2,False,True,110,110,stock_movement_capture,low_touch_inventory_capture
THE ORG,https://theorg.com/org/unilabs,distributed_perishable_inventory_management,1.0.0,1bf3d832c7fa33fb6455ff5d20af0292e3584d9a20a14712c522d889504db03f,fa89201ce7da49d48eec6e50a3dd2702,7.35,8.4,5.0,7.45,16.65,3.85,4.6,7.45,False,7.05,False,6.6,False,6.85,False,41.65,False,10.0,False,4.45,False,4.0,False,7.45,False,5.45,False,32.85,False,31.95,False,16.45,False,True,109,109,multi_location_control,lot_expiry_traceability
The Kitchen Door,https://www.thekitchendoor.com/,distributed_perishable_inventory_management,1.0.0,1bf3d832c7fa33fb6455ff5d20af0292e3584d9a20a14712c522d889504db03f,1fdce78056944b8c8d0f7e7aee515565,7.22,14.3,6.65,3.6,10.6,3.6,4.8,13.2,False,38.0,False,16.6,False,3.0,False,17.45,False,11.05,False,2.6,False,3.0,False,28.85,False,9.6,False,2.0,False,56.65,False,7.45,False,True,63,63,physical_inventory_state,low_touch_inventory_capture
Los Angeles Department of Water and Power,https://www.ladwp.com/,distributed_perishable_inventory_management,1.0.0,1bf3d832c7fa33fb6455ff5d20af0292e3584d9a20a14712c522d889504db03f,11884fa6e79543efb9289271bb276284,7.12,19.85,5.0,5.6,4.0,2.0,3.0,6.6,False,6.0,False,6.45,False,2.0,False,22.25,False,5.0,False,2.0,False,4.0,False,4.0,False,3.0,False,57.55,False,11.05,False,5.0,False,True,84,84,physical_inventory_state,lot_expiry_traceability
Apple Developer,https://developer.apple.com/,distributed_perishable_inventory_management,1.0.0,1bf3d832c7fa33fb6455ff5d20af0292e3584d9a20a14712c522d889504db03f,6a5e686d11d1401fa6cdf09e86c421c9,6.98,4.0,18.15,7.85,3.6,5.3,3.0,40.05,False,28.3,False,3.0,False,2.85,False,4.45,False,3.6,False,5.6,False,4.85,False,8.3,False,4.7,False,46.15,False,8.45,False,3.85,False,True,341,341,stock_movement_capture,replenishment_action
nhs.uk,https://www.nhs.uk/,distributed_perishable_inventory_management,1.0.0,1bf3d832c7fa33fb6455ff5d20af0292e3584d9a20a14712c522d889504db03f,245dc6d98d8e462998e7be76d2219528,6.56,5.65,14.95,2.6,3.0,10.2,2.0,5.2,False,20.4,False,20.45,False,5.85,False,5.4,False,5.85,False,2.0,False,2.0,False,16.4,False,2.85,False,2.0,False,6.2,False,3.85,False,True,99,99,stock_movement_capture,replenishment_action
Apple Support,https://support.apple.com/en-om/guide/watch/apddad023a05/watchos,distributed_perishable_inventory_management,1.0.0,1bf3d832c7fa33fb6455ff5d20af0292e3584d9a20a14712c522d889504db03f,7fe8720358ea4336a35ae67775447ee4,6.32,5.2,7.85,6.2,2.0,11.8,2.0,17.6,False,32.05,False,2.0,False,2.0,False,2.6,False,3.0,False,12.65,False,3.6,False,13.55,False,3.8,False,34.85,False,4.6,False,2.85,False,True,116,116,lot_expiry_traceability,multi_location_control
Warner Pacific University,https://www.warnerpacific.edu/,distributed_perishable_inventory_management,1.0.0,1bf3d832c7fa33fb6455ff5d20af0292e3584d9a20a14712c522d889504db03f,2bf643b7f0174632b77e4c583c55f7f6,6.18,11.15,14.65,2.0,4.0,2.0,3.6,4.85,False,13.45,False,8.45,False,3.0,False,37.45,False,4.6,False,2.0,False,2.0,False,3.85,False,3.6,False,2.85,False,14.4,False,6.8,False,True,151,151,stock_movement_capture,low_touch_inventory_capture
ReAnIn,https://www.reanin.com/,distributed_perishable_inventory_management,1.0.0,1bf3d832c7fa33fb6455ff5d20af0292e3584d9a20a14712c522d889504db03f,974f6fb6d21a49328bd2a80cc769b4a8,6.17,7.15,6.05,7.65,5.45,5.3,4.45,5.0,False,9.25,False,6.65,False,4.45,False,5.65,False,6.8,False,5.05,False,6.4,False,11.45,False,3.6,False,5.9,False,7.3,False,6.0,False,True,526,526,low_touch_inventory_capture,replenishment_action
AAAI,https://aaai.org/,distributed_perishable_inventory_management,1.0.0,1bf3d832c7fa33fb6455ff5d20af0292e3584d9a20a14712c522d889504db03f,6441e58397de48d59a67d6132900e897,6.09,8.05,6.45,4.8,6.7,2.6,9.55,9.65,False,18.65,False,4.0,False,3.0,False,12.7,False,11.6,False,2.0,False,5.3,False,3.6,False,6.65,False,10.6,False,12.85,False,8.2,False,True,360,360,replenishment_action,lot_expiry_traceability
Chick-fil-A,https://www.chick-fil-a.com/,distributed_perishable_inventory_management,1.0.0,1bf3d832c7fa33fb6455ff5d20af0292e3584d9a20a14712c522d889504db03f,552714815bc84b1099dcf378a90e00d5,5.79,6.0,9.05,2.0,4.85,8.7,3.85,10.6,False,58.5,False,5.85,False,6.0,False,38.25,False,7.85,False,2.6,False,2.0,False,26.1,False,3.0,False,3.8,False,25.8,False,4.85,False,True,16,16,stock_movement_capture,low_touch_inventory_capture
Alibaba,https://www.alibaba.com/,distributed_perishable_inventory_management,1.0.0,1bf3d832c7fa33fb6455ff5d20af0292e3584d9a20a14712c522d889504db03f,b63b0bf112624094b18e8b08d4bd345f,5.78,13.88,5.12,2.71,4.41,3.41,3.71,6.12,False,30.53,False,4.41,False,2.71,False,3.0,False,5.12,False,2.0,False,2.71,False,2.71,False,4.41,False,17.71,False,5.41,False,5.12,False,False,5,5,physical_inventory_state,low_touch_inventory_capture
"Art SignWorks, Inc.",https://www.artsignworks.com/,distributed_perishable_inventory_management,1.0.0,1bf3d832c7fa33fb6455ff5d20af0292e3584d9a20a14712c522d889504db03f,1d33cde2a6934ad58621e0807db40e9d,5.67,14.8,6.4,2.6,3.6,2.0,3.0,6.8,False,18.0,False,2.85,False,2.0,False,5.0,False,3.6,False,2.0,False,2.0,False,19.45,False,3.0,False,2.0,False,6.05,False,3.85,False,True,342,342,physical_inventory_state,lot_expiry_traceability
Management 3.0,https://management30.com/,distributed_perishable_inventory_management,1.0.0,1bf3d832c7fa33fb6455ff5d20af0292e3584d9a20a14712c522d889504db03f,b432fbc3753844e18326a3ac8c4dc83b,5.37,11.35,8.75,2.6,3.0,2.85,2.6,8.0,False,26.9,False,13.6,False,2.6,False,6.7,False,5.2,False,2.0,False,2.85,False,3.6,False,7.8,False,29.35,False,10.0,False,10.4,False,True,428,428,physical_inventory_state,low_touch_inventory_capture
TOBEN Food by Design Catering,https://www.tobenfoodbydesign.com/,distributed_perishable_inventory_management,1.0.0,1bf3d832c7fa33fb6455ff5d20af0292e3584d9a20a14712c522d889504db03f,684095625fc54291b31f24df481c14f0,5.23,8.45,7.0,2.0,8.05,3.0,3.85,13.85,False,27.3,False,5.8,False,11.4,False,60.7,False,11.45,False,2.0,False,2.85,False,10.85,False,3.0,False,9.35,False,39.5,False,6.85,False,True,25,25,physical_inventory_state,low_touch_inventory_capture
Research portal Eindhoven University of Technology,https://research.tue.nl/,distributed_perishable_inventory_management,1.0.0,1bf3d832c7fa33fb6455ff5d20af0292e3584d9a20a14712c522d889504db03f,38bff6efc61340689ee9c4e878fde4bc,5.21,9.6,5.6,4.6,4.85,2.85,2.85,7.6,False,44.25,False,3.0,False,2.85,False,3.85,False,5.85,False,2.0,False,3.0,False,27.0,False,4.0,False,2.0,False,14.4,False,5.6,False,True,52,52,physical_inventory_state,lot_expiry_traceability
Research And Markets,https://www.researchandmarkets.com/,distributed_perishable_inventory_management,1.0.0,1bf3d832c7fa33fb6455ff5d20af0292e3584d9a20a14712c522d889504db03f,e2e40c2c7e1c43f5a7b8060455e13067,5.18,7.7,5.45,5.6,5.8,3.0,3.0,5.0,False,10.8,False,4.6,False,4.0,False,11.05,False,4.85,False,5.05,False,4.85,False,6.85,False,3.85,False,18.6,False,14.65,False,4.0,False,True,422,422,physical_inventory_state,lot_expiry_traceability
Contemporary Catering,https://www.contemporarycatering.com.au/,distributed_perishable_inventory_management,1.0.0,1bf3d832c7fa33fb6455ff5d20af0292e3584d9a20a14712c522d889504db03f,384b314f58a94a0e96d6e7d7bb9379cc,5.0,7.25,6.25,2.6,7.1,2.85,5.05,12.65,False,5.0,False,5.8,False,24.05,False,73.85,True,8.25,False,2.0,False,2.6,False,8.6,False,4.65,False,1.85,False,26.4,False,10.85,False,False,3,3,physical_inventory_state,low_touch_inventory_capture
Teknisa,https://www.teknisa.com/,distributed_perishable_inventory_management,1.0.0,1bf3d832c7fa33fb6455ff5d20af0292e3584d9a20a14712c522d889504db03f,007c68d7d67d4bc79c0e0ec01475e024,4.88,7.0,6.0,3.0,6.0,3.0,5.0,10.0,False,4.0,False,7.0,False,20.0,False,54.0,False,7.0,False,3.0,False,3.0,False,3.0,False,8.0,False,61.0,False,8.0,False,8.0,False,False,1,1,physical_inventory_state,low_touch_inventory_capture
Research Explorer The University of Manchester,https://research.manchester.ac.uk/,distributed_perishable_inventory_management,1.0.0,1bf3d832c7fa33fb6455ff5d20af0292e3584d9a20a14712c522d889504db03f,b3bf957a59614fc8bdb3ccc8f6084d41,4.87,9.6,3.85,3.85,5.0,3.0,3.0,13.15,False,21.5,False,4.45,False,2.6,False,7.2,False,5.85,False,2.0,False,3.0,False,15.1,False,3.0,False,2.0,False,15.7,False,4.6,False,True,60,60,physical_inventory_state,lot_expiry_traceability
WeTransfer,https://wetransfer.com/,distributed_perishable_inventory_management,1.0.0,1bf3d832c7fa33fb6455ff5d20af0292e3584d9a20a14712c522d889504db03f,5810c7a17b7f4442b12443fbe8d1d882,4.84,3.0,15.6,2.0,2.0,5.0,2.0,45.0,False,23.25,False,3.0,False,2.0,False,11.9,False,3.6,False,3.6,False,5.45,False,2.0,False,2.0,False,59.95,False,4.85,False,3.0,False,True,155,155,stock_movement_capture,low_touch_inventory_capture
European Society of Medicine,https://esmed.org/,distributed_perishable_inventory_management,1.0.0,1bf3d832c7fa33fb6455ff5d20af0292e3584d9a20a14712c522d889504db03f,c222178ed1dd4cd7a896af83f07c6f38,4.83,5.2,11.5,2.6,4.6,3.0,3.0,4.0,False,6.7,False,3.0,False,9.25,False,3.6,False,3.85,False,2.0,False,2.0,False,14.5,False,2.85,False,4.6,False,10.65,False,3.6,False,True,190,190,stock_movement_capture,low_touch_inventory_capture
Mathematica,https://www.mathematica.org/,distributed_perishable_inventory_management,1.0.0,1bf3d832c7fa33fb6455ff5d20af0292e3584d9a20a14712c522d889504db03f,4305f30b4be54801aa7b8c37c22d8772,4.74,5.6,9.45,3.0,5.0,3.0,3.0,12.05,False,5.85,False,6.8,False,4.0,False,37.45,False,5.0,False,2.0,False,4.0,False,4.2,False,4.6,False,6.15,False,19.05,False,5.6,False,True,222,222,stock_movement_capture,low_touch_inventory_capture
TransferNow,https://www.transfernow.net/en,distributed_perishable_inventory_management,1.0.0,1bf3d832c7fa33fb6455ff5d20af0292e3584d9a20a14712c522d889504db03f,e56a8a325e5f4235be0a2d6465e290fd,4.55,3.6,13.6,2.6,3.0,2.85,2.6,20.7,False,12.45,False,2.6,False,2.0,False,3.0,False,3.0,False,2.0,False,3.0,False,2.6,False,3.0,False,33.65,False,10.45,False,3.6,False,True,338,338,stock_movement_capture,low_touch_inventory_capture
Peter Rowland Group,https://www.peterrowland.com.au/,distributed_perishable_inventory_management,1.0.0,1bf3d832c7fa33fb6455ff5d20af0292e3584d9a20a14712c522d889504db03f,f3a40db905c2419abb24195d13622e6b,4.51,6.6,6.4,2.0,6.85,3.0,3.0,9.85,False,17.2,False,4.0,False,2.0,False,50.05,False,8.85,False,2.0,False,2.0,False,9.65,False,3.0,False,2.0,False,34.8,False,6.0,False,False,23,23,multi_location_control,low_touch_inventory_capture
Elo,https://www.elo.com.br/,distributed_perishable_inventory_management,1.0.0,1bf3d832c7fa33fb6455ff5d20af0292e3584d9a20a14712c522d889504db03f,d69850cb59fc420894332e2d142ad618,4.42,4.45,6.6,4.0,7.15,2.6,2.6,6.6,False,23.9,False,3.45,False,2.0,False,16.85,False,6.05,False,7.35,False,2.0,False,2.0,False,8.45,False,92.45,True,37.15,False,3.45,False,True,41,41,multi_location_control,lot_expiry_traceability
On my Om,https://om.co/,distributed_perishable_inventory_management,1.0.0,1bf3d832c7fa33fb6455ff5d20af0292e3584d9a20a14712c522d889504db03f,ac5046a2975f46e79469e317c9d4dfb3,4.29,5.9,9.6,2.6,2.6,2.85,2.0,3.6,False,38.6,False,2.0,False,2.0,False,4.4,False,2.0,False,2.0,False,2.6,False,3.0,False,2.0,False,2.0,False,4.45,False,2.0,False,True,50,50,stock_movement_capture,replenishment_action
Rede D'Or,https://www.rededorsaoluiz.com.br/,distributed_perishable_inventory_management,1.0.0,1bf3d832c7fa33fb6455ff5d20af0292e3584d9a20a14712c522d889504db03f,88470ebd22bf48ff986cd968e9627971,4.15,5.85,4.0,3.0,6.45,3.0,3.0,11.05,False,7.7,False,5.2,False,23.15,False,3.0,False,6.45,False,2.6,False,2.0,False,4.0,False,4.0,False,85.05,True,19.2,False,4.6,False,True,209,209,multi_location_control,low_touch_inventory_capture
Green Climate Fund,https://www.greenclimate.fund/,distributed_perishable_inventory_management,1.0.0,1bf3d832c7fa33fb6455ff5d20af0292e3584d9a20a14712c522d889504db03f,eaa8f902eef549118a34932202f93c3b,3.9,4.6,7.9,2.6,3.0,2.0,4.0,4.0,False,4.6,False,3.6,False,2.0,False,5.45,False,2.6,False,2.0,False,2.6,False,3.6,False,4.45,False,50.05,False,12.05,False,4.8,False,True,399,399,stock_movement_capture,lot_expiry_traceability
Pipedrive,https://www.pipedrive.com/pt,distributed_perishable_inventory_management,1.0.0,1bf3d832c7fa33fb6455ff5d20af0292e3584d9a20a14712c522d889504db03f,d84749f3821e4f6593a15fe3694885eb,3.65,5.0,5.0,2.0,5.6,2.0,3.2,7.2,False,3.6,False,2.6,False,2.0,False,2.6,False,4.4,False,1.6,False,2.0,False,2.0,False,6.05,False,50.7,False,4.2,False,3.8,False,True,12,12,multi_location_control,low_touch_inventory_capture
Inventory Press,https://www.inventorypress.com/,distributed_perishable_inventory_management,1.0.0,1bf3d832c7fa33fb6455ff5d20af0292e3584d9a20a14712c522d889504db03f,fdcb81bdfd1141409078bff1915dea60,3.44,6.45,4.85,2.0,3.0,2.0,2.0,4.0,False,18.6,False,2.6,False,2.0,False,2.6,False,3.0,False,2.0,False,2.0,False,2.0,False,2.0,False,3.0,False,4.6,False,3.0,False,True,142,142,physical_inventory_state,low_touch_inventory_capture
Let's Pretend Catering,https://letspretendcatering.com/,distributed_perishable_inventory_management,1.0.0,1bf3d832c7fa33fb6455ff5d20af0292e3584d9a20a14712c522d889504db03f,fae1f739173949ffa67e8488832b7fe2,3.29,4.71,4.71,2.0,3.71,2.0,3.0,7.0,False,11.41,False,4.0,False,2.0,False,22.06,False,8.41,False,2.0,False,2.0,False,3.0,False,2.0,False,1.71,False,8.71,False,4.0,False,False,2,2,physical_inventory_state,low_touch_inventory_capture
EU SST,https://www.eusst.eu/,distributed_perishable_inventory_management,1.0.0,1bf3d832c7fa33fb6455ff5d20af0292e3584d9a20a14712c522d889504db03f,927765237f994c2cafd62a6c6aee42b2,3.28,3.0,3.6,4.2,4.6,2.0,2.6,21.2,False,10.45,False,2.0,False,1.6,False,3.0,False,3.0,False,2.0,False,5.0,False,4.05,False,3.0,False,5.05,False,10.05,False,3.0,False,True,84,84,multi_location_control,lot_expiry_traceability
Prezi,https://prezi.com/,distributed_perishable_inventory_management,1.0.0,1bf3d832c7fa33fb6455ff5d20af0292e3584d9a20a14712c522d889504db03f,a6708f3a95ea4343bb33f3179cb0da73,3.1,5.3,3.7,2.0,2.85,2.0,2.6,36.4,False,13.1,False,5.25,False,2.0,False,42.1,False,7.3,False,3.6,False,2.6,False,2.0,False,3.0,False,67.95,False,8.45,False,3.45,False,True,362,362,physical_inventory_state,low_touch_inventory_capture
Kitchen Restaurant,https://www.kitchenpb.com/,distributed_perishable_inventory_management,1.0.0,1bf3d832c7fa33fb6455ff5d20af0292e3584d9a20a14712c522d889504db03f,38e833e39365410191d358b93521f3eb,2.95,3.6,2.85,2.0,5.45,2.0,2.6,4.85,False,7.9,False,2.85,False,2.0,False,17.0,False,4.85,False,2.0,False,2.0,False,2.0,False,2.0,False,2.0,False,32.0,False,3.0,False,True,3,3,multi_location_control,low_touch_inventory_capture
Alamy,https://www.alamy.com/,distributed_perishable_inventory_management,1.0.0,1bf3d832c7fa33fb6455ff5d20af0292e3584d9a20a14712c522d889504db03f,43d5f7fe0723490cae3a63dc0a228701,2.9,2.6,6.05,2.0,2.0,2.85,2.0,4.6,False,13.45,False,2.0,False,1.0,False,2.85,False,2.0,False,2.0,False,2.0,False,2.0,False,2.0,False,36.9,False,5.2,False,3.0,False,True,44,44,stock_movement_capture,low_touch_inventory_capture
Kitchen Bistro,https://www.thekitchen.com/,distributed_perishable_inventory_management,1.0.0,1bf3d832c7fa33fb6455ff5d20af0292e3584d9a20a14712c522d889504db03f,9ed19e08d22042bc98a10ae1f27c09c7,2.87,3.6,3.0,2.0,4.6,2.0,2.6,5.85,False,7.7,False,3.0,False,2.0,False,26.05,False,5.0,False,2.0,False,2.0,False,3.0,False,3.0,False,2.0,False,33.35,False,3.0,False,False,9,9,multi_location_control,low_touch_inventory_capture
European Payments Council,https://www.europeanpaymentscouncil.eu/,distributed_perishable_inventory_management,1.0.0,1bf3d832c7fa33fb6455ff5d20af0292e3584d9a20a14712c522d889504db03f,af8a703765a343e3acbcd04b572f5fa9,2.83,3.6,3.6,3.0,2.6,2.0,2.0,11.25,False,3.85,False,2.0,False,2.0,False,2.85,False,2.6,False,4.2,False,2.0,False,2.0,False,3.6,False,3.7,False,6.05,False,2.85,False,True,90,90,physical_inventory_state,lot_expiry_traceability
EthiopiaRFP,https://www.ethiopiarfp.com/,distributed_perishable_inventory_management,1.0.0,1bf3d832c7fa33fb6455ff5d20af0292e3584d9a20a14712c522d889504db03f,c7c314ecede54d968c39fac214443099,2.65,3.6,3.0,2.0,2.85,2.0,2.6,4.0,False,4.6,False,2.6,False,2.0,False,3.0,False,3.0,False,2.0,False,2.0,False,3.6,False,3.0,False,2.0,False,4.0,False,3.0,False,True,58,58,physical_inventory_state,low_touch_inventory_capture
Vimeo,https://vimeo.com/,distributed_perishable_inventory_management,1.0.0,1bf3d832c7fa33fb6455ff5d20af0292e3584d9a20a14712c522d889504db03f,98f44c7f62d44454af2355981a9848b4,2.51,2.6,3.0,2.0,3.0,2.6,2.0,20.3,False,15.4,False,2.6,False,2.0,False,32.55,False,3.6,False,2.0,False,2.0,False,2.0,False,5.45,False,69.95,False,11.0,False,2.0,False,True,228,228,stock_movement_capture,low_touch_inventory_capture
Skillversity,http://www.skillversity.co.in/index.php,distributed_perishable_inventory_management,1.0.0,1bf3d832c7fa33fb6455ff5d20af0292e3584d9a20a14712c522d889504db03f,6c1b9e4658fa406ab658456de0df1f46,2.33,2.85,2.6,2.0,2.6,2.0,2.0,4.0,False,3.0,False,3.6,False,5.6,False,5.2,False,3.0,False,2.0,False,2.0,False,2.0,False,2.0,False,2.0,False,3.85,False,2.85,False,True,4,4,physical_inventory_state,low_touch_inventory_capture
G1,https://g1.globo.com/,distributed_perishable_inventory_management,1.0.0,1bf3d832c7fa33fb6455ff5d20af0292e3584d9a20a14712c522d889504db03f,5c2cb7d9559949ca8976f61b7b33cb87,2.0,2.0,2.0,2.0,2.0,2.0,2.0,2.0,False,2.0,False,2.0,False,1.0,False,2.0,False,2.0,False,1.0,False,2.0,False,2.0,False,2.0,False,19.6,False,3.0,False,2.0,False,True,400,400,physical_inventory_state,physical_inventory_state
MyHospitalNow,https://www.myhospitalnow.com/,distributed_perishable_inventory_management,1.0.0,1bf3d832c7fa33fb6455ff5d20af0292e3584d9a20a14712c522d889504db03f,76dd73d3357443fdb39c688390fbb6b6,2.0,2.0,2.0,2.0,2.0,2.0,2.0,3.0,False,4.2,False,2.0,False,3.0,False,2.0,False,3.0,False,2.0,False,2.0,False,2.6,False,3.0,False,9.7,False,5.6,False,2.0,False,True,116,116,physical_inventory_state,physical_inventory_state
